customer_profession,customer_id,age,income,No of transactions,home_loc_latiutde,home_loc_longitude,work_loc_longitude,work_loc_latitude,gender,cluster
VP Sales,1001,28,56608.0,101,13.169934,80.350915,80.189836,13.077439,M,2
Assistant Professor,1002,30,85859.0,109,13.045008,80.19445999999998,80.081901,12.997656,F,1
Senior Cost Accountant,1003,43,41855.0,100,12.909097,80.306494,80.033953,13.182403,F,2
Research Assistant,1004,60,72858.0,88,12.997656,80.235904,80.198211,13.112804,M,1
Administrative Assistant,1005,68,57019.0,93,12.96485,80.133291,80.333014,13.007624,F,0
Geologist,1006,35,52829.0,101,13.027008,80.361474,80.01303399999998,12.983425,M,2
Senior Developer,1007,29,11951.0,100,13.010564,80.388817,80.271746,12.978431,M,2
Recruiter,1008,46,60177.0,97,12.911887,80.36898199999997,80.169981,12.979651,F,2
VP Marketing,1009,52,46980.0,117,12.951669,80.156353,80.107236,13.12671,M,2
Payment Adjustment Coordinator,1010,55,34747.0,94,13.000341,80.103171,80.02753,13.041984,F,2
Geological Engineer,1011,31,58981.0,93,13.186448,80.067107,80.279558,13.141058,F,2
Business Systems Development Analyst,1012,36,77238.0,94,12.918836,80.176288,80.34052199999998,12.998708,F,1
Senior Quality Engineer,1013,34,72026.0,97,12.955652,80.133618,80.32751,13.055683,F,1
Account Representative,1014,49,46877.0,80,13.120907,80.210136,80.291187,12.938689,M,2
Physical Therapy Assistant,1015,32,121370.0,87,12.903656,80.300239,80.08401500000002,12.957915,F,0
Legal Assistant,1016,61,68504.0,113,13.074999,80.312967,80.00331,12.980889,F,1
Senior Sales Associate,1017,53,52351.0,120,12.99026,80.298813,80.116137,13.082407,F,2
Human Resources Manager,1018,41,25592.0,92,13.162923,80.060825,80.097789,13.168059,M,2
Chief Design Engineer,1019,49,90875.0,109,13.148055,80.166825,80.32535,13.098258,M,1
Tax Accountant,1020,58,30985.0,106,13.026392,80.17189,80.345754,12.988464,F,2
Health Coach,1021,44,94592.0,102,13.077822,80.113945,80.046651,13.003213,F,1
Account Representative,1022,47,58954.0,92,12.938289,80.299954,80.045909,13.09162,M,2
Database Administrator,1023,53,104209.0,98,13.134939,80.013138,80.247793,13.132273,M,0
Social Worker,1024,65,49923.0,89,12.911965,80.252563,80.119682,13.043924,F,2
VP Sales,1025,43,90506.0,102,13.085087,80.0902,80.189008,13.162897,M,1
Chemical Engineer,1026,43,100832.0,108,13.19907,80.194288,80.371729,12.989976,M,0
Assistant Professor,1027,48,96870.0,89,12.935915,80.07987,80.247982,12.97309,F,1
Clinical Specialist,1028,37,71402.0,99,13.081084,80.143736,80.297597,13.109599,F,1
Cost Accountant,1029,65,41625.0,78,13.143081,80.288229,80.237381,13.07009,F,2
Recruiter,1030,48,67880.0,112,13.089434,80.065322,80.225697,13.002769,F,1
Sales Representative,1031,52,23200.0,94,12.919087,80.016492,80.094864,13.157779,F,2
Biostatistician,1032,46,41754.0,94,13.028822,80.03719699999998,80.08688599999998,13.021785,M,2
Mechanical Systems Engineer,1033,46,74294.0,113,13.080424,80.018487,80.29876,12.96461,M,1
Assistant Manager,1034,39,69955.0,85,12.915477,80.235662,80.163027,12.990663,M,1
Clinical Specialist,1035,44,47877.0,96,12.982264,80.291067,80.3399,13.076198,M,2
Structural Engineer,1036,41,75202.0,116,12.968409,80.208597,80.06940999999998,12.979908,M,1
Assistant Manager,1037,36,56910.0,96,13.179035999999998,80.181623,80.381614,13.193685999999998,M,2
Research Nurse,1038,47,115412.0,101,12.919147,80.107218,80.067475,12.969078,F,0
Analog Circuit Design manager,1039,45,93432.0,115,13.198914000000002,80.330327,80.109606,12.969484,F,1
Financial Analyst,1040,32,61903.0,102,12.975703,80.266364,80.12262700000002,12.948062,F,2
Computer Systems Analyst,1041,61,75014.0,100,12.942088,80.311871,80.009281,12.906907,F,1
GIS Technical Architect,1042,41,134017.0,88,12.922754,80.171614,80.23695,13.140636,M,0
Programmer Analyst,1043,61,12610.0,88,13.099202,80.188927,80.098252,13.00261,M,2
Senior Sales Associate,1044,42,106180.0,96,12.960594,80.31089399999998,80.235365,13.123589,M,0
VP Product Management,1045,53,95601.0,104,13.07376,80.017895,80.17647099999998,13.186416,F,1
Programmer Analyst,1046,51,68846.0,78,12.924922,80.259749,80.270136,12.959578,M,1
Automation Specialist,1047,31,54384.0,91,13.183678,80.14513199999998,80.120181,12.91356,F,2
Account Representative,1048,64,120703.0,116,13.121823,80.05096,80.089979,13.194281,F,0
Geologist,1049,43,64547.0,109,13.054039,80.050752,80.346476,13.061201,M,2
Tax Accountant,1050,60,93624.0,106,13.116082999999998,80.245205,80.20578,13.042418,M,1
Media Manager,1051,36,44621.0,96,13.080231,80.26289,80.30710400000002,13.012348,F,2
Sales Associate,1052,46,68093.0,91,13.056053,80.1926,80.239636,12.943099,M,1
Actuary,1053,50,62519.0,84,13.031822,80.226885,80.217066,13.185331,F,2
Systems Administrator,1054,39,52276.0,113,13.139752,80.129108,80.37854399999998,13.148959,F,2
Desktop Support Technician,1055,52,73572.0,92,13.138173000000002,80.398985,80.127955,12.901512,M,1
Statistician,1056,45,80936.0,98,13.074296,80.072805,80.296947,12.966944,M,1
Account Executive,1057,44,73973.0,95,13.083092,80.13494399999998,80.218103,12.924133,F,1
GIS Technical Architect,1058,62,80219.0,85,13.1698,80.02118,80.241709,13.059384,F,1
Desktop Support Technician,1059,59,129454.0,79,13.011999,80.370553,80.02209,13.034997,F,0
Safety Technician,1060,33,43357.0,88,13.175907,80.019533,80.024648,13.108076,M,2
Project Manager,1061,51,60342.0,119,12.985636,80.04268,80.186764,13.019533,F,2
Human Resources Assistant,1062,72,44794.0,98,13.011621,80.13259000000002,80.175336,13.04291,F,0
Database Administrator,1063,47,48279.0,110,13.045007,80.34024000000002,80.249891,12.959757000000002,F,2
Business Systems Development Analyst,1064,36,66853.0,91,12.947203,80.075447,80.174886,13.065701,M,2
Automation Specialist,1065,27,41247.0,93,13.044482,80.289126,80.12214399999998,12.986163,M,0
General Manager,1066,43,91015.0,92,12.961243,80.134962,80.345528,13.106006,F,1
Tax Accountant,1067,52,137641.0,102,13.150928,80.399402,80.03693,13.172406,M,0
Product Engineer,1068,58,62858.0,82,12.915342,80.03377900000002,80.331968,13.184092,M,2
Account Representative,1069,41,119896.0,74,13.047095,80.21842600000002,80.059134,13.061085,F,0
Budget/Accounting Analyst,1070,41,92889.0,91,13.011809,80.26583199999997,80.158855,13.199838,M,1
Account Coordinator,1071,46,68112.0,77,13.118621,80.34898199999998,80.31403399999998,13.155447,M,1
Programmer Analyst,1072,58,80511.0,104,13.038774,80.392438,80.16172900000002,13.152708,M,1
Legal Assistant,1073,36,82756.0,100,13.096431,80.182659,80.380668,12.999155,F,1
Structural Analysis Engineer,1074,54,92396.0,93,13.054913,80.393091,80.058351,13.169686,M,1
Nuclear Power Engineer,1075,21,35590.0,94,13.193217,80.025037,80.280796,12.900539,F,1
GIS Technical Architect,1076,54,86717.0,107,12.962603,80.174717,80.390328,13.080585,F,1
Accountant,1077,58,64241.0,101,12.911228,80.278313,80.065555,13.198419,M,2
Sales Associate,1078,44,130726.0,101,13.076327,80.350497,80.112923,13.164689,M,0
Geologist,1079,38,116808.0,93,13.002967,80.25208,80.261674,13.151751,F,0
Food Chemist,1080,51,64454.0,99,13.022364,80.149473,80.035123,12.940864,M,2
Staff Scientist,1081,47,108019.0,91,13.15236,80.334222,80.019926,13.137389,F,0
Project Manager,1082,53,104981.0,94,13.100687,80.00364499999998,80.06294100000002,12.932369,M,0
Civil Engineer,1083,56,102633.0,105,13.099339,80.002471,80.285945,13.083005,M,0
Computer Systems Analyst,1084,40,67507.0,89,12.912253,80.284938,80.22254699999998,13.075327,M,1
Environmental Tech,1085,40,72253.0,103,13.043249,80.194161,80.021024,13.014199,M,1
Chemical Engineer,1086,50,120040.0,94,13.115663,80.218693,80.035928,13.080563,F,0
Analyst Programmer,1087,55,91297.0,75,13.05641,80.391636,80.388409,12.974595,F,1
Accounting Assistant,1088,43,127776.0,99,13.045642,80.385196,80.17923,13.114579,F,0
Programmer,1089,42,89976.0,91,12.9897,80.097606,80.19779799999998,13.045361,M,1
Help Desk Operator,1090,31,145344.0,106,13.019766,80.02195400000002,80.366334,13.005522,F,0
Help Desk Technician,1091,55,58773.0,90,12.966207,80.19360999999998,80.384008,13.108765,F,2
Engineer,1092,48,97943.0,103,12.906006,80.39673,80.331474,12.965047,F,1
Chemical Engineer,1093,40,71713.0,93,13.106888,80.236114,80.29158699999998,12.938139,F,1
Senior Quality Engineer,1094,46,108217.0,97,13.162164,80.148911,80.262284,13.155214,M,0
VP Marketing,1095,55,74240.0,106,13.179162,80.293036,80.143489,13.16631,F,1
Software Test Engineer,1096,73,64628.0,92,13.084844,80.282337,80.041728,13.108312,F,2
Administrative Assistant,1097,45,130814.0,91,12.910157,80.380121,80.047519,12.959072,M,0
Speech Pathologist,1098,29,73706.0,81,12.952019,80.229359,80.217938,13.196635999999998,F,1
Systems Administrator,1099,42,123053.0,86,13.165445000000002,80.133742,80.387886,13.109266,M,0
Executive Secretary,1100,52,89784.0,101,13.195352,80.314061,80.14525400000002,13.059131,F,1
Marketing Assistant,1101,30,134381.0,99,12.909402,80.24554300000001,80.238624,13.176566,M,0
Senior Sales Associate,1102,36,85802.0,89,13.003217,80.31440500000002,80.30876500000002,13.141901999999998,M,1
Analog Circuit Design manager,1103,22,33955.0,81,13.134842,80.204808,80.055817,13.043743,M,2
Payment Adjustment Coordinator,1104,58,99041.0,88,13.147775,80.294628,80.137784,13.186806,F,1
Financial Advisor,1105,40,31998.0,102,12.960617,80.147588,80.311962,12.929975,M,2
Mechanical Systems Engineer,1106,29,55114.0,82,12.936534,80.070637,80.358552,13.137916,F,2
Social Worker,1107,49,83747.0,90,12.9244,80.363579,80.38702099999998,13.155886,M,1
Operator,1108,51,52560.0,103,12.997121,80.05948599999998,80.246719,13.124329,M,2
Product Engineer,1109,52,29555.0,85,13.19033,80.170117,80.030762,13.047191,M,2
Legal Assistant,1110,51,112756.0,103,12.974759,80.153711,80.2973,13.086671,M,0
Marketing Assistant,1111,41,106993.0,86,12.973121,80.34989399999998,80.244159,12.91731,M,0
Environmental Specialist,1112,37,134545.0,91,13.022483,80.342333,80.031798,12.947398,F,0
Internal Auditor,1113,32,88503.0,94,13.184292999999998,80.372906,80.0996,12.946305,F,1
Recruiting Manager,1114,33,70227.0,105,12.925314,80.176025,80.190489,13.080743,F,1
Quality Engineer,1115,41,65280.0,87,12.926928,80.066901,80.34728,13.108952,F,2
Research Nurse,1116,39,147683.0,92,13.19855,80.292045,80.136121,13.064849,M,0
Quality Control Specialist,1117,50,95660.0,93,12.916937,80.02124599999998,80.027455,12.931971,M,1
Executive Secretary,1118,47,29246.0,93,13.076249,80.00410500000002,80.270043,13.123865,F,2
Mechanical Systems Engineer,1119,48,99379.0,77,13.050597,80.070463,80.068708,13.173711,F,1
Project Manager,1120,37,88659.0,93,13.046926,80.34956899999997,80.097753,13.17556,M,1
VP Quality Control,1121,42,64761.0,97,13.110527,80.353369,80.12603,13.063955,M,2
Research Associate,1122,38,89039.0,92,13.125343,80.27964,80.200746,13.102968,F,1
VP Quality Control,1123,33,46810.0,85,13.181287,80.175236,80.280486,12.920213,M,2
Speech Pathologist,1124,62,79510.0,93,13.15533,80.047524,80.22623399999998,13.121422,F,1
Teacher,1125,38,73008.0,90,13.054497,80.257072,80.37779499999998,13.144645,F,1
Accountant,1126,47,74322.0,101,13.176847,80.192679,80.176505,12.98803,F,1
VP Accounting,1127,53,24219.0,106,13.170334,80.277283,80.395455,12.963299,M,2
Operator,1128,32,30610.0,107,13.077291,80.103532,80.391063,12.975933,F,2
Cost Accountant,1129,38,101543.0,75,13.014787,80.254037,80.263518,13.051343,F,0
Software Consultant,1130,40,45671.0,91,12.939813,80.010746,80.19832099999998,13.11068,F,2
Media Manager,1131,55,79383.0,109,12.96185,80.26740600000002,80.31728199999998,13.16162,F,1
Quality Engineer,1132,49,8866.0,88,13.194762,80.250277,80.019485,12.932154,M,2
Social Worker,1133,39,102338.0,88,13.164127,80.080735,80.398385,12.958677,F,0
Account Representative,1134,46,82755.0,108,13.157129,80.094077,80.143513,12.935124,F,1
Administrative Officer,1135,54,67120.0,111,13.146121,80.25206800000002,80.037074,13.068355,M,1
Computer Systems Analyst,1136,48,92769.0,99,12.942876,80.191989,80.079833,13.149174,M,1
Internal Auditor,1137,39,88679.0,97,13.064619,80.350494,80.308076,13.181020000000002,M,1
Teacher,1138,36,72572.0,101,13.097034,80.084161,80.068853,12.996225,M,1
Office Assistant,1139,35,72992.0,107,13.036574,80.042253,80.337172,13.004739,F,1
Nuclear Power Engineer,1140,30,132841.0,91,13.060535,80.135126,80.251478,13.181987,F,0
Quality Engineer,1141,43,93089.0,93,13.045847,80.3601,80.285126,13.007466,F,1
VP Quality Control,1142,68,59578.0,90,13.16869,80.247388,80.363454,13.103984,M,1
Nuclear Power Engineer,1143,35,40838.0,87,13.155088,80.02539200000002,80.36608100000002,13.180569,M,2
Chief Design Engineer,1144,45,92607.0,102,12.950804,80.008993,80.31149599999998,12.925868,M,1
Information Systems Manager,1145,32,89545.0,95,13.085294,80.371716,80.23869300000001,12.952235,F,1
Media Manager,1146,59,66548.0,102,12.929443,80.002845,80.126035,13.100545,M,2
Software Test Engineer,1147,41,64272.0,82,12.913562,80.113283,80.11683199999997,12.941706,M,2
Product Engineer,1148,49,44433.0,93,13.005549,80.281849,80.28734,12.925131,F,2
Sales Associate,1149,35,46383.0,68,13.156395000000002,80.111716,80.021468,12.994586,F,2
Associate Professor,1150,58,97093.0,91,13.127671,80.053001,80.095867,13.046567,F,1
Registered Nurse,1151,42,65290.0,106,12.98206,80.221769,80.094539,13.075608,M,2
Staff Scientist,1152,61,68827.0,80,13.1749,80.396373,80.095611,12.960459,M,1
Staff Accountant,1153,30,86664.0,98,13.055348,80.22504,80.063296,12.915276,M,1
Executive Secretary,1154,40,92239.0,97,13.105296,80.33806700000002,80.269936,13.054015,M,1
Assistant Professor,1155,29,53920.0,104,12.964473,80.260998,80.076466,12.989929,M,0
Help Desk Operator,1156,43,90126.0,93,13.180859,80.04590300000002,80.215851,13.108356,F,1
Assistant Media Planner,1157,57,45826.0,98,13.158723,80.37845,80.281773,13.097732,M,2
Geological Engineer,1158,50,115003.0,99,12.916236,80.266316,80.06347,13.128144,M,0
Clinical Specialist,1159,56,59862.0,94,13.045608,80.383976,80.385152,12.913459,M,2
Research Associate,1160,63,93525.0,100,13.173785999999998,80.036917,80.113058,12.970277,M,1
Graphic Designer,1161,48,44191.0,86,12.965465,80.283413,80.062205,12.971414,M,2
Director of Sales,1162,41,48983.0,98,13.074952,80.31853199999998,80.375023,12.911517,M,2
VP Sales,1163,39,58735.0,116,13.128044,80.239735,80.259312,12.977304,M,2
Payment Adjustment Coordinator,1164,66,50598.0,100,12.941286,80.361186,80.38291,13.077191,M,1
Safety Technician,1165,36,127571.0,102,12.973088,80.18483,80.1543,12.997399,M,0
VP Product Management,1166,27,34948.0,105,12.913786,80.116968,80.273168,12.913571,M,1
Clinical Specialist,1167,48,87812.0,100,13.006416,80.095277,80.21356,13.089057,M,1
Office Assistant,1168,30,68106.0,99,13.145931,80.095473,80.381697,13.024987,F,1
Geological Engineer,1169,62,69851.0,97,12.94839,80.36089399999999,80.133625,13.018063,F,1
Sales Associate,1170,45,131611.0,84,13.046631,80.109889,80.2259,13.01608,F,0
GIS Technical Architect,1171,38,64181.0,108,13.037125,80.38927199999998,80.35549499999998,13.113545000000002,M,2
Senior Sales Associate,1172,40,106660.0,98,13.10206,80.30377,80.16120699999998,13.0832,F,0
Software Engineer,1173,48,100930.0,82,13.053901,80.184268,80.186775,13.169456,F,0
VP Sales,1174,28,5396.0,83,12.9193,80.073438,80.380512,12.977698,F,0
Teacher,1175,62,28339.0,105,13.052216,80.27494300000002,80.165544,13.050465,M,2
Payment Adjustment Coordinator,1176,53,94127.0,99,13.073694,80.05919899999998,80.090964,12.994179,F,1
Mechanical Systems Engineer,1177,32,72137.0,110,13.139074,80.07914699999998,80.077671,12.964884,F,1
Speech Pathologist,1178,48,139470.0,90,12.994638,80.175794,80.128975,13.115742,M,0
Administrative Officer,1179,21,70814.0,98,12.996552,80.141006,80.238166,12.936876,M,1
Structural Analysis Engineer,1180,49,46626.0,114,13.037375,80.332832,80.083534,13.193816,F,2
Assistant Manager,1181,38,133485.0,110,13.130657,80.172382,80.03199599999998,13.095152,M,0
Social Worker,1182,62,81051.0,108,13.075075,80.134684,80.308948,13.180473999999998,M,1
Quality Control Specialist,1183,37,69035.0,89,13.087251,80.312104,80.062,13.000243,F,1
Marketing Manager,1184,37,120468.0,99,13.007443,80.325237,80.098331,12.986301,M,0
Account Executive,1185,35,55945.0,94,13.120725,80.380645,80.133759,12.900577,M,2
Accounting Assistant,1186,49,105171.0,90,13.1653,80.356555,80.068641,13.082063,M,0
Food Chemist,1187,24,14759.0,92,13.075685,80.308138,80.206379,13.19277,F,2
VP Accounting,1188,41,41189.0,92,13.054708,80.06192,80.061376,13.010447,M,2
Assistant Professor,1189,41,53539.0,114,13.189248,80.168089,80.28520300000002,13.132065,M,2
Payment Adjustment Coordinator,1190,51,31356.0,101,13.070201,80.025948,80.036321,13.191895,M,2
Financial Advisor,1191,34,53936.0,95,13.177649,80.306561,80.270706,13.094433,F,2
Civil Engineer,1192,44,59563.0,104,12.939842,80.363268,80.03922,13.090293,M,2
VP Sales,1193,37,82876.0,92,13.004211,80.155075,80.32003399999998,13.072353,M,1
Business Systems Development Analyst,1194,51,64616.0,100,13.101985,80.166726,80.200715,12.918923,M,2
Assistant Media Planner,1195,64,111581.0,95,13.068845,80.380071,80.339927,12.931675,F,0
Geologist,1196,55,59885.0,90,12.966218,80.31249,80.029666,13.001211,M,2
Social Worker,1197,58,135751.0,101,13.045042,80.18106800000002,80.034459,13.030501,F,0
Environmental Tech,1198,57,35580.0,92,12.915203,80.025448,80.182784,13.112035,M,2
Director of Sales,1199,61,111906.0,98,13.15842,80.215202,80.014924,12.934085,M,0
Accounting Assistant,1200,47,123825.0,105,13.054094,80.043805,80.34445500000002,13.058638,M,0
Staff Scientist,1201,63,72997.0,90,13.096304,80.12039399999998,80.185638,13.175844,M,1
Senior Sales Associate,1202,24,72569.0,104,12.932563,80.235834,80.395517,13.097154,F,1
Software Test Engineer,1203,36,83092.0,90,12.959845,80.24115,80.37714,13.014367,M,1
Environmental Tech,1204,56,60604.0,84,12.916356,80.14624599999998,80.00846999999997,13.094877,M,2
Human Resources Assistant,1205,40,59773.0,108,13.078149,80.200154,80.180275,13.110373999999998,M,2
Marketing Assistant,1206,52,95193.0,107,13.050319,80.339162,80.016355,12.920599,F,1
Compensation Analyst,1207,35,132554.0,102,13.048647,80.027772,80.23104599999998,13.134902,F,0
Sales Associate,1208,33,97320.0,94,13.040625,80.241343,80.383448,13.080484,M,1
Financial Analyst,1209,39,84035.0,97,12.96072,80.066209,80.099027,13.004727,F,1
Marketing Manager,1210,60,59565.0,99,13.084742,80.309636,80.384603,13.132504999999998,F,2
Systems Administrator,1211,43,73688.0,108,12.91131,80.302446,80.18731899999999,13.108386,M,1
Senior Developer,1212,57,73251.0,94,13.11674,80.314049,80.394476,12.990243,F,1
Payment Adjustment Coordinator,1213,49,60949.0,92,13.164910999999998,80.323092,80.22125799999998,13.076767,F,2
VP Accounting,1214,64,92595.0,99,13.139632,80.238353,80.067649,13.161514000000002,F,1
Developer,1215,44,60354.0,88,13.055584,80.278906,80.170192,12.973532,M,2
Data Coordiator,1216,44,132407.0,93,13.158622,80.398706,80.088603,12.912921,M,0
Mechanical Systems Engineer,1217,35,44375.0,93,13.050114,80.301568,80.110349,13.037811,M,2
Assistant Professor,1218,38,112863.0,97,12.920202,80.25134,80.310766,13.166963,F,0
Executive Secretary,1219,41,87859.0,112,13.086537,80.047403,80.375473,13.109648000000002,F,1
Compensation Analyst,1220,55,65561.0,101,13.006105,80.07598399999998,80.205567,13.11869,M,2
Senior Financial Analyst,1221,37,92501.0,90,13.169049,80.066699,80.026797,13.193372,M,1
GIS Technical Architect,1222,44,82560.0,112,13.010304,80.08411,80.059247,13.124849,M,1
Structural Engineer,1223,37,17069.0,89,13.131972,80.394248,80.178187,13.095365,F,2
VP Quality Control,1224,51,85737.0,87,13.119764000000002,80.23435699999997,80.221,12.902457,M,1
Safety Technician,1225,38,67602.0,100,12.959845,80.28670799999998,80.342332,13.014274,F,1
Developer,1226,43,56914.0,84,13.127328,80.252359,80.133707,13.18728,M,2
Professor,1227,35,116463.0,104,12.924745,80.12119399999997,80.348574,13.120810999999998,M,0
Desktop Support Technician,1228,57,84591.0,105,13.125707,80.0755,80.274137,12.97618,F,1
Paralegal,1229,44,67466.0,103,13.023962,80.339287,80.21659,12.923458,F,1
Sales Representative,1230,55,40117.0,84,12.977212,80.18525600000002,80.070723,12.923824,M,2
Nurse Practicioner,1231,47,129015.0,103,13.045257,80.011889,80.21935,13.155475,F,0
Electrical Engineer,1232,55,50969.0,99,13.072898,80.263406,80.24038,12.95105,M,2
Assistant Manager,1233,47,86713.0,94,13.046312,80.164226,80.170712,12.982964,M,1
Software Engineer,1234,41,42287.0,84,13.019123,80.237142,80.112107,12.99832,F,2
Help Desk Technician,1235,41,98329.0,95,13.088181,80.32297,80.27246099999998,12.955911,F,1
Budget/Accounting Analyst,1236,29,68296.0,102,13.044959,80.219532,80.058035,13.101389,F,0
Analyst Programmer,1237,29,40740.0,87,13.140897,80.342837,80.391251,13.065161,M,1
Senior Sales Associate,1238,54,107113.0,85,13.000385,80.133121,80.28062299999998,12.921684,F,0
Web Designer,1239,37,82323.0,80,12.955188,80.129335,80.173213,13.144806,M,1
Environmental Tech,1240,50,103923.0,102,12.985286,80.27239300000002,80.159001,13.123966,F,0
Senior Quality Engineer,1241,60,71844.0,104,12.921175,80.300219,80.394494,12.978452,M,1
General Manager,1242,50,126215.0,82,13.046724,80.329938,80.23465,13.171163,F,0
Media Manager,1243,49,102164.0,100,12.932125,80.33450500000002,80.128151,13.087224,F,0
Product Engineer,1244,33,50223.0,107,13.099765,80.025325,80.12953399999998,13.026229,F,2
Operator,1245,50,61109.0,88,13.170101999999998,80.05414499999998,80.04283199999998,13.070307,M,2
Marketing Assistant,1246,47,110071.0,70,13.09557,80.380775,80.20408499999998,13.117586,F,0
Quality Control Specialist,1247,46,94830.0,123,13.089493,80.098547,80.018609,13.066675,M,1
Food Chemist,1248,30,97387.0,88,13.175866,80.156666,80.372179,13.085643,F,1
Speech Pathologist,1249,47,47939.0,92,13.006321,80.28887900000002,80.210882,13.027458,M,2
Budget/Accounting Analyst,1250,46,73738.0,92,12.969733,80.39867,80.258342,13.164129999999998,F,1
Desktop Support Technician,1251,40,129849.0,104,13.097848,80.161422,80.323785,13.045011,M,0
Food Chemist,1252,31,77219.0,88,12.927981,80.11246700000002,80.301649,12.93029,M,1
Structural Engineer,1253,31,31846.0,95,12.963059,80.368789,80.380916,12.9343,F,2
Quality Engineer,1254,53,122827.0,86,13.056306,80.15248299999998,80.116562,13.15641,M,0
Human Resources Assistant,1255,28,67554.0,90,13.001517,80.018114,80.01309499999998,13.000065,M,0
Help Desk Technician,1256,28,36461.0,105,12.921749,80.047667,80.324454,13.040919,M,2
Junior Executive,1257,49,68706.0,91,13.145468,80.032247,80.208449,12.964623,M,1
Senior Developer,1258,49,73883.0,90,13.110529,80.197281,80.227976,13.093435,F,1
Structural Engineer,1259,33,69864.0,92,13.043351,80.07024200000002,80.221029,12.991682,M,1
VP Accounting,1260,59,29320.0,103,13.031531,80.191236,80.272506,13.003639,M,2
Chief Design Engineer,1261,42,56781.0,89,12.952368,80.243,80.053445,12.927555,F,2
Marketing Manager,1262,35,93343.0,90,12.987172,80.384825,80.115798,13.138622,M,1
Analog Circuit Design manager,1263,48,82252.0,99,13.063199,80.004995,80.266304,13.152974,M,1
Occupational Therapist,1264,48,57308.0,99,12.984717,80.334581,80.335399,12.93984,M,2
Technical Writer,1265,71,35571.0,98,12.9128,80.03784399999998,80.114613,13.058033,F,0
Analyst Programmer,1266,61,95261.0,89,12.904801,80.389288,80.084558,13.14264,M,1
Recruiting Manager,1267,61,75258.0,83,12.919482,80.208178,80.070842,13.089002,F,1
Information Systems Manager,1268,49,146293.0,107,13.047572,80.145832,80.01321300000002,12.997556,F,0
Administrative Officer,1269,46,49876.0,97,13.017422,80.025949,80.34371999999998,13.109128,F,2
Safety Technician,1270,46,76182.0,109,13.186119,80.036695,80.20248000000002,13.026457,M,1
Statistician,1271,50,131141.0,101,13.021966,80.085583,80.177679,12.985883,M,0
Senior Developer,1272,51,64776.0,109,13.11198,80.397088,80.25092,13.190769,F,2
Environmental Tech,1273,39,101157.0,97,13.05672,80.061489,80.100318,12.94102,F,0
Clinical Specialist,1274,39,98550.0,97,12.922045,80.285353,80.327269,13.049492,M,1
Compensation Analyst,1275,51,82065.0,98,12.957575,80.284266,80.1185,13.16914,F,1
Staff Scientist,1276,22,38129.0,104,13.197321,80.128404,80.116517,13.180986,F,2
Staff Accountant,1277,59,78831.0,102,13.08998,80.215118,80.367499,13.184736,M,1
Cost Accountant,1278,50,68240.0,93,13.037211,80.378095,80.131275,12.992816,F,1
Systems Administrator,1279,37,33079.0,89,13.088264,80.127517,80.328458,12.90561,M,2
Cost Accountant,1280,49,64698.0,91,12.984427,80.106156,80.168746,12.988237,M,2
Sales Representative,1281,43,97369.0,101,13.037476,80.077348,80.173564,13.025246,F,1
Research Associate,1282,52,86500.0,95,12.991031,80.116701,80.28371800000002,13.025456,F,1
VP Quality Control,1283,36,91492.0,97,12.933516,80.321613,80.228625,13.141354000000002,F,1
Senior Cost Accountant,1284,61,94535.0,113,13.11454,80.19406,80.272104,12.973,M,1
Professor,1285,41,98101.0,97,13.015778,80.156476,80.290787,13.165710999999998,F,1
Editor,1286,47,99518.0,105,12.915767,80.102261,80.17753499999998,13.115492,F,1
Financial Analyst,1287,32,65547.0,99,13.180504,80.036778,80.05460699999998,13.037498,M,2
Senior Quality Engineer,1288,40,101735.0,101,13.035995,80.362167,80.30035500000002,13.161983,M,0
Human Resources Assistant,1289,51,73914.0,94,13.07104,80.21792099999998,80.101366,13.023967,F,1
Analog Circuit Design manager,1290,42,41008.0,103,12.998809,80.270531,80.274107,12.989283,F,2
VP Sales,1291,54,62168.0,66,12.919696,80.24080699999998,80.196138,13.105405,F,2
Product Engineer,1292,48,102656.0,101,13.012122,80.090779,80.175989,13.104289,M,0
Pharmacist,1293,41,111463.0,107,12.915555,80.117251,80.37129499999998,13.141326,F,0
Food Chemist,1294,48,88932.0,93,13.111332,80.192386,80.00479399999998,13.098942,M,1
Administrative Assistant,1295,52,96231.0,109,13.026202,80.394452,80.29339499999998,12.990126,M,1
VP Marketing,1296,46,84832.0,96,13.157964000000002,80.054222,80.057331,13.193147,M,1
Help Desk Technician,1297,47,93511.0,91,12.94782,80.326965,80.182022,12.997048,M,1
Sales Representative,1298,54,108299.0,87,13.159279000000002,80.34864499999998,80.23281899999998,13.095004,M,0
Accountant,1299,37,72209.0,95,13.183977,80.017614,80.211507,13.077116,F,1
Social Worker,1300,44,58423.0,93,12.977228,80.124664,80.34143399999998,13.004072,F,2
Professor,1301,42,12094.0,108,13.09466,80.184921,80.275545,12.916057,F,2
Accountant,1302,41,135216.0,105,13.008087,80.31687099999998,80.389315,13.147486,F,0
Environmental Specialist,1303,43,86776.0,106,13.062128,80.282436,80.086214,13.142972,F,1
Director of Sales,1304,31,90181.0,99,13.067071,80.239379,80.037966,13.187817,F,1
Librarian,1305,50,15762.0,92,12.928563,80.121228,80.079915,13.151224,F,2
Electrical Engineer,1306,47,128436.0,87,13.135564000000002,80.119743,80.316715,13.05212,M,0
Pharmacist,1307,48,125119.0,91,12.923298,80.352235,80.152557,12.917542999999998,F,0
General Manager,1308,60,79262.0,101,13.181952,80.013123,80.383561,12.902905,M,1
Health Coach,1309,60,100882.0,95,13.107522,80.05904,80.04420400000002,12.996238,F,0
Account Executive,1310,46,16841.0,93,13.089705,80.233461,80.104295,13.094672,M,2
Administrative Officer,1311,37,32117.0,111,13.010232,80.129593,80.32413000000003,13.055163,F,2
Senior Sales Associate,1312,44,114203.0,90,13.125397,80.062497,80.04764200000002,12.906569,M,0
Social Worker,1313,36,32190.0,114,13.19893,80.34756800000002,80.28957700000002,13.083868,F,2
Nuclear Power Engineer,1314,38,80065.0,94,12.939193,80.122408,80.231163,13.181632999999998,F,1
Design Engineer,1315,58,104859.0,99,13.002431,80.29320200000002,80.236242,13.187676000000002,F,0
Tax Accountant,1316,37,64478.0,88,13.129497,80.262235,80.353799,13.014105,M,2
Information Systems Manager,1317,31,86678.0,100,13.069922,80.00702700000002,80.017763,13.136021,F,1
VP Accounting,1318,50,58925.0,99,13.117119,80.279217,80.393813,13.108214000000002,F,2
Office Assistant,1319,48,39894.0,101,13.13146,80.10584,80.035948,13.196507999999998,M,2
Programmer Analyst,1320,32,92304.0,81,13.121647,80.062945,80.39605,12.950799,M,1
Engineer,1321,32,88787.0,81,12.911988,80.003803,80.023206,12.99194,M,1
Teacher,1322,43,69656.0,102,13.039402,80.030051,80.20343199999998,13.020938,F,1
Account Representative,1323,43,53242.0,97,12.962169,80.377101,80.353144,13.121970999999998,F,2
Desktop Support Technician,1324,29,40746.0,91,13.035614,80.11188100000003,80.09014599999998,13.113614000000002,F,1
Biostatistician,1325,30,134238.0,77,12.992265,80.13861999999997,80.082856,13.156381,F,0
Senior Quality Engineer,1326,39,95168.0,107,13.196003,80.31639100000002,80.034244,13.198695,F,1
Software Consultant,1327,33,103966.0,98,12.999135,80.298061,80.397211,12.904717,F,0
Office Assistant,1328,46,107940.0,89,12.968099,80.10408000000002,80.219626,13.008392,F,0
Registered Nurse,1329,48,83422.0,116,13.048996,80.219971,80.103197,12.960914,F,1
Software Consultant,1330,51,83911.0,76,13.143182,80.380146,80.093592,13.145257999999998,M,1
Junior Executive,1331,34,72715.0,97,13.017636,80.36617,80.104881,13.135804,M,1
Quality Control Specialist,1332,53,88888.0,90,12.997556,80.04946600000002,80.357576,13.00279,F,1
Business Systems Development Analyst,1333,39,59955.0,93,12.958174,80.286976,80.155691,13.081039,M,2
Civil Engineer,1334,47,104410.0,105,13.032359,80.35104100000002,80.350581,13.038473,F,0
Research Associate,1335,37,79499.0,91,13.063972,80.280626,80.32542099999998,13.141026,F,1
Product Engineer,1336,54,134491.0,75,12.948493,80.05989,80.164988,12.902003,M,0
Cost Accountant,1337,44,92850.0,93,13.001384,80.354469,80.311952,13.188633,F,1
Technical Writer,1338,39,127428.0,93,13.083204,80.06347199999998,80.388263,13.058888,F,0
General Manager,1339,51,64405.0,86,13.005588,80.015508,80.263525,12.929321,M,2
Systems Administrator,1340,56,70636.0,95,13.097853,80.067424,80.191168,13.00582,F,1
Design Engineer,1341,47,62244.0,90,13.07981,80.27193,80.073797,13.152907999999998,M,2
Software Engineer,1342,46,138038.0,102,13.051481,80.213764,80.022205,12.976594,M,0
Statistician,1343,48,51937.0,84,13.101187,80.180356,80.385574,12.901332,M,2
Health Coach,1344,44,45774.0,114,12.936734,80.003654,80.039764,13.074027,M,2
Professor,1345,32,118635.0,84,13.067256,80.17201,80.040559,12.958321,F,0
Junior Executive,1346,58,102289.0,101,13.187247,80.258173,80.232759,12.912555,M,0
Media Manager,1347,51,76091.0,97,13.083587,80.261394,80.026425,13.138694,M,1
Registered Nurse,1348,52,46989.0,90,13.06195,80.019125,80.23219,13.028314,F,2
Office Assistant,1349,38,70027.0,116,13.155354999999998,80.174397,80.25461700000002,12.957417,M,1
Operator,1350,49,94736.0,101,13.186051,80.028529,80.374089,13.144946,F,1
General Manager,1351,34,86718.0,87,12.988339,80.04213399999998,80.31264300000002,13.161283,M,1
Web Designer,1352,45,96445.0,92,13.069555,80.148732,80.258394,12.967275,M,1
Web Developer,1353,37,58942.0,87,13.060771,80.093849,80.119665,12.914309,F,2
Senior Financial Analyst,1354,46,105043.0,79,13.035043,80.109853,80.375119,13.110112,M,0
Junior Executive,1355,49,95810.0,89,13.122384,80.340016,80.376804,12.977452,M,1
Tax Accountant,1356,42,148526.0,81,13.168619,80.237225,80.222146,12.928384,M,0
Software Test Engineer,1357,55,47252.0,78,12.92907,80.146662,80.108877,13.130187,M,2
Teacher,1358,39,127282.0,98,13.066468,80.172503,80.320776,13.1257,F,0
Senior Cost Accountant,1359,51,57321.0,87,12.971232,80.07618199999997,80.091162,13.174532999999998,F,2
Safety Technician,1360,47,132225.0,91,13.088885,80.284806,80.14863199999998,13.158444,M,0
Staff Accountant,1361,40,83536.0,108,13.187449,80.016876,80.08712,13.070628999999998,M,1
Food Chemist,1362,55,23832.0,88,13.134557,80.323155,80.34613399999998,13.191726999999998,F,2
Electrical Engineer,1363,35,67391.0,87,12.949352,80.024462,80.049459,13.183347,M,1
Social Worker,1364,58,79582.0,102,13.122743,80.179345,80.01254200000002,13.107228,F,1
Assistant Media Planner,1365,58,69156.0,78,13.187316,80.233024,80.306632,12.998113,F,1
Social Worker,1366,46,90225.0,94,13.010582,80.387396,80.00743100000003,13.188844,F,1
Speech Pathologist,1367,38,88607.0,114,13.19888,80.073771,80.09498599999998,13.009903,M,1
Director of Sales,1368,55,64177.0,98,13.160673,80.281625,80.061892,12.981852,F,2
Web Developer,1369,35,71603.0,86,13.045333,80.2507,80.077987,12.916116,F,1
Research Assistant,1370,63,58220.0,98,12.930011,80.257611,80.159933,13.005909,F,2
Software Engineer,1371,36,120941.0,107,13.104789,80.03009499999997,80.007825,13.176179,M,0
Accounting Assistant,1372,32,85527.0,95,12.917356,80.134389,80.352887,13.132148999999998,F,1
Marketing Manager,1373,61,82203.0,81,13.036247,80.035298,80.25303199999998,13.035046,F,1
Mechanical Systems Engineer,1374,40,83111.0,107,13.149126,80.06895899999998,80.052033,13.186151,F,1
Pharmacist,1375,54,49153.0,94,12.903032,80.00971,80.198966,13.121485,M,2
Research Nurse,1376,44,75052.0,104,12.971201,80.203905,80.041123,13.164288,M,1
VP Marketing,1377,44,84576.0,80,13.133261,80.30417299999998,80.085355,13.099857,M,1
Analyst Programmer,1378,44,38530.0,82,13.010088,80.07093499999998,80.20899,13.008258,F,2
Financial Analyst,1379,41,78301.0,101,13.087067,80.021642,80.169531,12.945513,F,1
Nuclear Power Engineer,1380,47,44111.0,88,12.958736,80.131084,80.336935,12.929085,M,2
Financial Analyst,1381,46,130062.0,82,13.134248,80.262725,80.137887,13.068209,M,0
Speech Pathologist,1382,36,62836.0,82,13.116233,80.341324,80.090405,12.985803,M,2
Environmental Tech,1383,47,92355.0,100,12.918521,80.02212,80.010729,13.056476,F,1
Structural Engineer,1384,52,68977.0,81,12.926696000000002,80.311006,80.370919,13.154352,F,1
Accounting Assistant,1385,53,123692.0,94,12.970877,80.13760400000002,80.210089,13.085305,M,0
Financial Advisor,1386,32,62986.0,88,13.173868,80.071798,80.107199,13.036657,M,2
Nurse Practicioner,1387,54,37404.0,102,13.128119,80.291207,80.290418,13.198748000000002,M,2
VP Quality Control,1388,52,81629.0,95,13.146322,80.213492,80.338277,13.033228,M,1
Staff Scientist,1389,42,9340.0,88,12.99817,80.140108,80.240685,13.110270000000002,M,2
Sales Representative,1390,54,57353.0,101,13.06706,80.105834,80.10029399999998,13.086869,M,2
Structural Analysis Engineer,1391,54,62004.0,84,12.976969,80.040662,80.344045,12.913507,M,2
Accountant,1392,35,89922.0,95,13.155837,80.396174,80.116091,13.173015,F,1
Nuclear Power Engineer,1393,44,96697.0,111,12.948397,80.316103,80.201553,12.970483,F,1
General Manager,1394,54,46685.0,110,13.010782,80.01122,80.040651,12.941914,M,2
Assistant Professor,1395,31,79544.0,94,13.071667,80.208302,80.321578,13.171226999999998,F,1
Librarian,1396,42,69178.0,116,13.170094,80.063634,80.008178,13.131419,F,1
Data Coordiator,1397,67,53720.0,82,13.174147,80.093163,80.355193,12.980958,F,1
Electrical Engineer,1398,34,91480.0,95,12.986441,80.33335500000003,80.16119599999998,13.042356,F,1
Human Resources Assistant,1399,53,62867.0,102,13.038145,80.06155600000002,80.055777,12.936714,M,2
Administrative Officer,1400,33,68776.0,88,12.98174,80.317074,80.10414499999997,12.951393,F,1
Assistant Media Planner,1401,45,82884.0,112,12.941891,80.07336,80.139332,13.110195999999998,F,1
Programmer Analyst,1402,49,75447.0,94,13.067441,80.39745,80.260643,13.081766,F,1
Physical Therapy Assistant,1403,46,112682.0,99,12.969521,80.230547,80.086916,13.12332,F,0
Developer,1404,44,81186.0,84,13.002663,80.096683,80.138634,13.023572,F,1
Automation Specialist,1405,39,62303.0,94,12.954696,80.183092,80.20024000000002,13.159442000000002,M,2
Account Executive,1406,40,123855.0,97,12.942612,80.330708,80.281725,13.004879,M,0
Senior Financial Analyst,1407,73,61369.0,94,13.011067,80.154111,80.174538,13.163372,M,2
Sales Representative,1408,30,80167.0,85,13.105579,80.151023,80.185835,13.147468,M,1
Senior Sales Associate,1409,60,56129.0,82,13.153788,80.38722800000002,80.38975,13.124025,M,2
Health Coach,1410,28,52131.0,79,13.038395,80.158377,80.15689300000003,13.10674,M,1
Marketing Assistant,1411,33,129366.0,101,12.90578,80.16361500000002,80.153458,13.193421,F,0
Quality Engineer,1412,36,130970.0,100,12.996171,80.11393199999998,80.022882,13.029046,F,0
Product Engineer,1413,35,92429.0,82,12.945103,80.01463199999998,80.100667,13.057631,F,1
Research Associate,1414,56,67805.0,93,12.989159,80.292147,80.240868,13.013681,F,1
Actuary,1415,42,53572.0,102,13.035714,80.276601,80.347689,13.135884,M,2
Computer Systems Analyst,1416,39,93089.0,102,12.94454,80.351396,80.096249,13.178268,M,1
Assistant Professor,1417,50,102504.0,101,13.173816,80.140867,80.037537,13.160217,F,0
Sales Representative,1418,36,91450.0,96,12.9313,80.37638100000002,80.32037700000002,13.047691,M,1
VP Product Management,1419,57,100726.0,105,13.077611,80.374147,80.037692,12.904822,F,0
Senior Sales Associate,1420,50,48177.0,85,13.163526,80.20796800000002,80.212757,13.030922,F,2
Web Developer,1421,44,64952.0,89,13.092575,80.337975,80.032437,12.941027,F,2
Clinical Specialist,1422,24,73383.0,92,12.999521,80.144938,80.399355,12.904785,M,1
Health Coach,1423,43,54860.0,86,12.954557,80.174277,80.166547,13.128410999999998,M,2
Accounting Assistant,1424,36,93003.0,92,13.031821,80.07236,80.169938,13.185834,F,1
Tax Accountant,1425,37,70440.0,90,13.07897,80.007929,80.395323,13.023554,F,1
Physical Therapy Assistant,1426,44,87654.0,108,13.132054,80.25083000000002,80.343053,13.078526,F,1
Developer,1427,32,57086.0,109,13.04211,80.150524,80.034442,13.118143,F,2
Nurse Practicioner,1428,52,87315.0,80,12.967378,80.36554100000002,80.003139,13.169427,F,1
Human Resources Manager,1429,49,56521.0,98,12.988288,80.213766,80.12360699999998,12.988584,M,2
Compensation Analyst,1430,44,63816.0,106,13.024899,80.067394,80.293172,12.988306,F,2
Senior Financial Analyst,1431,39,47578.0,77,13.195059,80.18525600000002,80.234903,13.159271,F,2
Pharmacist,1432,37,88312.0,109,12.925241,80.036034,80.240229,12.986892999999998,F,1
Assistant Manager,1433,43,93026.0,86,13.151935,80.02049,80.084028,13.132178,F,1
Staff Accountant,1434,32,112383.0,81,13.148393,80.26200899999998,80.331487,12.934442,F,0
Cost Accountant,1435,37,44516.0,96,13.0353,80.18859599999998,80.13457700000002,13.104605,F,2
Operator,1436,30,76105.0,93,12.963234,80.22960400000002,80.15685,13.029289,F,1
Dental Hygienist,1437,44,87490.0,96,12.918053,80.163599,80.097992,12.938388,M,1
Senior Sales Associate,1438,36,112688.0,97,13.149639,80.155454,80.174037,13.12026,M,0
Analog Circuit Design manager,1439,53,86761.0,102,12.901165,80.124925,80.09645,13.031778,M,1
VP Accounting,1440,40,20136.0,116,12.990824,80.374268,80.03161800000002,13.190461,F,2
Administrative Assistant,1441,36,93316.0,87,12.906933,80.38231400000002,80.10737900000002,12.969025,F,1
Executive Secretary,1442,32,68993.0,76,13.182721,80.267848,80.083603,13.113444,F,1
Help Desk Operator,1443,38,71386.0,82,13.075832,80.212163,80.097122,12.939395,F,1
Structural Analysis Engineer,1444,58,120392.0,107,12.912239,80.184786,80.391749,12.939143,F,0
Senior Developer,1445,44,17612.0,83,12.940985,80.251308,80.22712800000002,13.048737,F,2
Recruiter,1446,32,85968.0,92,13.185601,80.382631,80.371377,13.19895,F,1
Product Engineer,1447,49,86201.0,83,13.10092,80.091803,80.167107,12.907444,F,1
Editor,1448,37,139815.0,96,13.137702,80.125056,80.115622,13.0421,F,0
Web Designer,1449,37,71460.0,91,13.122668,80.136457,80.257987,13.112431,F,1
Accountant,1450,32,44603.0,94,13.112966,80.279009,80.059837,13.015714,F,2
Account Coordinator,1451,50,57253.0,102,12.946273,80.30474699999998,80.068517,13.042806,M,2
Accounting Assistant,1452,38,50950.0,105,12.950002,80.22726899999998,80.060231,13.041497,M,2
Legal Assistant,1453,46,93248.0,91,13.059576,80.110049,80.39386,13.065251,M,1
Environmental Tech,1454,50,47129.0,79,13.088577,80.165545,80.15106999999998,13.092413,M,2
Senior Cost Accountant,1455,35,46058.0,81,12.935813,80.245999,80.03115,13.071573,M,2
VP Product Management,1456,48,117638.0,74,12.940418,80.060833,80.204532,12.954677,M,0
Teacher,1457,45,90311.0,77,12.971307,80.278077,80.222926,13.001353,M,1
Geological Engineer,1458,30,38546.0,92,13.072359,80.228868,80.213886,13.176497,F,2
Clinical Specialist,1459,47,64238.0,97,13.125694,80.284144,80.211228,13.154699,F,2
Recruiter,1460,55,93574.0,95,13.175798,80.328764,80.064916,13.048851,M,1
Research Associate,1461,35,100330.0,106,13.028011,80.09739499999998,80.126746,13.184372,F,1
Help Desk Technician,1462,39,73804.0,103,13.188482999999998,80.152433,80.300365,13.130914,M,1
Safety Technician,1463,50,131666.0,97,12.935709,80.043065,80.211855,13.091172,M,0
Web Designer,1464,53,86376.0,115,12.933591,80.082539,80.15995500000002,12.961397,F,1
Nuclear Power Engineer,1465,43,69464.0,111,13.13662,80.076433,80.36489499999998,13.137684,F,1
Compensation Analyst,1466,50,101826.0,103,13.195813,80.318729,80.297392,12.901291,F,0
Marketing Assistant,1467,56,46949.0,96,13.0387,80.069826,80.171201,12.98556,M,2
Structural Engineer,1468,64,111325.0,102,12.991273,80.007848,80.013163,13.091491,M,0
Editor,1469,45,45011.0,94,12.972238,80.008326,80.202845,12.943683,M,2
Assistant Media Planner,1470,63,115765.0,102,13.119794,80.23659,80.08171800000002,13.051965,M,0
Help Desk Technician,1471,54,100168.0,92,13.038982,80.032384,80.226022,13.063983,M,1
Graphic Designer,1472,26,62517.0,102,12.981676,80.064454,80.265689,13.044628,F,1
Safety Technician,1473,62,109929.0,95,13.115513,80.383558,80.28726400000002,12.989319,F,0
VP Quality Control,1474,40,122576.0,88,13.125428,80.298485,80.386338,13.125701,F,0
Senior Quality Engineer,1475,41,82438.0,92,12.924765,80.07511099999998,80.208152,13.197888,M,1
Civil Engineer,1476,33,108736.0,91,13.001579,80.388316,80.391727,12.961207,M,0
Senior Cost Accountant,1477,38,134716.0,106,13.135879999999998,80.341146,80.074313,12.927519,M,0
Desktop Support Technician,1478,38,124935.0,102,12.985437,80.388979,80.259176,13.002591,F,0
Research Nurse,1479,34,72449.0,98,12.981925,80.19596999999997,80.196579,13.116826,F,1
Systems Administrator,1480,52,70932.0,98,13.018505,80.36406600000002,80.001319,13.087688,F,1
Pharmacist,1481,46,96038.0,97,13.094182,80.100705,80.16775600000003,13.171947,F,1
Cost Accountant,1482,44,73349.0,92,13.106157,80.16192099999998,80.099129,13.197485,M,1
Chief Design Engineer,1483,74,66432.0,91,12.91817,80.264561,80.004512,12.962756,F,2
Product Engineer,1484,43,106379.0,112,13.132737,80.03598199999998,80.185393,12.942643,M,0
Web Developer,1485,32,97022.0,101,13.09835,80.365235,80.05114499999998,13.005253,M,1
Nurse Practicioner,1486,43,87256.0,97,13.042344,80.171782,80.038264,12.934158,M,1
Web Developer,1487,44,98302.0,82,13.025579,80.341808,80.07476,12.959031,M,1
Safety Technician,1488,40,70157.0,111,13.065061,80.009221,80.12306,13.090249,F,1
Sales Representative,1489,42,115461.0,103,13.091357,80.297628,80.17361700000002,12.953638,F,0
Business Systems Development Analyst,1490,40,72180.0,92,13.135106,80.253952,80.280918,12.94769,F,1
Occupational Therapist,1491,46,28613.0,87,12.939281,80.27139,80.048005,12.969728,M,2
Accounting Assistant,1492,54,53864.0,99,12.96081,80.068063,80.11983000000002,13.038821,F,2
Administrative Assistant,1493,46,64082.0,104,13.02334,80.002623,80.375573,12.9462,M,2
Staff Accountant,1494,52,118419.0,112,13.053752,80.163639,80.247865,12.939298,F,0
Automation Specialist,1495,40,66042.0,107,13.016518,80.368285,80.167552,13.133453,F,2
Teacher,1496,45,93744.0,103,13.007544,80.22081899999998,80.125311,13.02707,F,1
Account Representative,1497,55,60319.0,95,13.09915,80.334909,80.021389,13.01712,F,2
Cost Accountant,1498,59,105259.0,109,12.908859,80.160685,80.09497900000002,13.045445,F,0
Media Manager,1499,47,52819.0,106,12.918932,80.351275,80.321908,12.958026,M,2
Programmer Analyst,1500,34,103481.0,85,13.137104,80.108991,80.39327800000002,13.03262,M,0
Data Coordiator,1501,50,60920.0,94,13.070123,80.069354,80.18366800000003,13.152497,M,2
Mechanical Systems Engineer,1502,46,53251.0,94,12.930744,80.30735200000002,80.16400300000002,12.974334,M,2
Food Chemist,1503,48,55944.0,90,13.023055,80.17310400000002,80.307733,12.91212,M,2
Database Administrator,1504,58,123995.0,86,12.925399,80.319357,80.185936,13.015537,F,0
VP Sales,1505,38,44077.0,92,13.161082999999998,80.338346,80.375589,12.956289,F,2
Mechanical Systems Engineer,1506,39,106802.0,91,12.920563,80.37539100000002,80.09820500000002,12.955562,M,0
Research Nurse,1507,56,76065.0,99,13.012562,80.041249,80.01163299999997,13.171501,M,1
Chemical Engineer,1508,23,66533.0,86,13.110283,80.320986,80.221257,12.924454,M,0
Cost Accountant,1509,49,63231.0,108,13.183823,80.002787,80.023268,12.958723,F,2
Human Resources Assistant,1510,41,115302.0,91,12.982107,80.151951,80.083596,13.01471,M,0
Safety Technician,1511,50,96827.0,87,13.151976,80.254589,80.301828,13.084575,F,1
Recruiter,1512,43,75984.0,100,13.198386,80.128918,80.225055,13.016355,F,1
Speech Pathologist,1513,59,136933.0,83,13.154044,80.27292299999998,80.139836,13.193716,M,0
Web Designer,1514,62,115303.0,82,12.925481,80.344522,80.270945,12.955982,F,0
Editor,1515,42,49111.0,112,12.935467,80.19735,80.184935,13.080862,F,2
Executive Secretary,1516,35,100102.0,93,13.075769,80.110394,80.13902399999998,13.052438,M,1
Database Administrator,1517,46,94680.0,101,13.037534,80.38150300000002,80.093937,12.950101,M,1
Web Developer,1518,35,95913.0,98,12.9815,80.127492,80.17971,13.037646,M,1
Help Desk Operator,1519,50,69197.0,99,13.073235,80.04773399999998,80.205277,12.94482,F,1
Administrative Officer,1520,41,82909.0,95,13.014366,80.112089,80.03343100000002,13.086097,M,1
Senior Developer,1521,44,94952.0,83,13.174364,80.398016,80.166074,12.914733,M,1
Financial Advisor,1522,54,104461.0,97,13.090516,80.12243000000002,80.22162800000002,13.128044,M,0
Technical Writer,1523,31,62627.0,93,12.915366,80.213901,80.16454,13.054441,M,2
Account Representative,1524,47,132999.0,87,13.012784,80.277912,80.245974,13.168995,M,0
Quality Engineer,1525,54,45054.0,95,13.001252,80.134398,80.204714,13.195756,M,2
Analog Circuit Design manager,1526,46,83379.0,91,13.138431,80.248406,80.149476,13.097076,M,1
Systems Administrator,1527,46,67949.0,85,12.970717,80.033776,80.114041,13.07681,F,1
Safety Technician,1528,53,90320.0,113,13.036705,80.18217800000002,80.342091,13.118747,M,1
Project Manager,1529,46,76227.0,101,13.147593,80.315943,80.04188,13.036794,M,1
Web Developer,1530,61,88801.0,106,12.992139,80.393889,80.157448,13.153969,F,1
Programmer,1531,34,132036.0,97,13.095475,80.002062,80.062115,12.97718,M,0
Research Nurse,1532,35,60605.0,90,12.97625,80.370775,80.290201,13.061585,M,2
Technical Writer,1533,58,30627.0,103,12.914809,80.209078,80.194819,12.970142999999998,M,2
Assistant Media Planner,1534,53,70516.0,103,13.061883,80.092515,80.091847,13.154159,M,1
Programmer Analyst,1535,27,75733.0,89,12.91049,80.271968,80.184871,13.11302,M,0
Social Worker,1536,57,85802.0,99,13.165429,80.380127,80.282605,13.129907,M,1
Database Administrator,1537,67,43830.0,87,13.129222,80.33088000000002,80.085227,13.131999,F,1
Web Designer,1538,39,30755.0,101,12.938007,80.256862,80.374625,12.942308,F,2
Actuary,1539,46,65017.0,83,13.1305,80.277512,80.06622,13.146395000000002,F,2
Junior Executive,1540,36,83987.0,113,12.946014,80.20148,80.360837,12.99517,M,1
Programmer,1541,34,111825.0,98,13.163382,80.023337,80.23441,13.162997,M,0
Account Coordinator,1542,19,9253.0,103,13.064693,80.305015,80.173001,13.189865,F,0
Data Coordiator,1543,42,97288.0,97,12.955602,80.175279,80.25389399999997,13.18381,F,1
Social Worker,1544,48,10978.0,105,13.048774,80.18815,80.18566700000002,12.987532,F,2
Pharmacist,1545,32,99874.0,85,13.068799,80.20816500000002,80.36966,13.153929000000002,M,1
Office Assistant,1546,55,57346.0,87,12.915976,80.090487,80.02073,12.96067,F,2
Librarian,1547,34,78010.0,93,12.928323,80.289843,80.197582,13.159268,F,1
Developer,1548,29,13045.0,89,13.079441,80.158668,80.10016,12.958113,F,1
Electrical Engineer,1549,56,120283.0,89,13.019049,80.016116,80.12207099999998,13.173006,M,0
Occupational Therapist,1550,50,86920.0,98,12.984599,80.06894399999999,80.30289300000003,13.052211,F,1
Accountant,1551,49,64268.0,89,13.126944,80.23114,80.370042,13.127175,F,2
Geologist,1552,44,82051.0,90,13.104209,80.12778399999998,80.05954399999997,13.009807,F,1
Programmer Analyst,1553,35,116964.0,91,13.099949,80.077081,80.136129,13.069564,M,0
Teacher,1554,46,117454.0,90,13.032652,80.23173100000002,80.10570899999998,13.044572,M,0
VP Marketing,1555,48,85280.0,103,12.933018,80.305203,80.257572,12.997929,F,1
Developer,1556,55,62386.0,90,13.169107,80.337866,80.024239,13.138178,M,2
Environmental Specialist,1557,73,61961.0,107,12.996585,80.120785,80.046707,12.940185,M,2
Assistant Professor,1558,36,77046.0,95,13.055479,80.162899,80.380622,13.012458,M,1
Statistician,1559,39,116713.0,106,13.1847,80.250558,80.02156,13.011316,F,0
Health Coach,1560,32,55083.0,90,13.101195,80.025116,80.348637,12.968909,F,2
VP Marketing,1561,50,91482.0,107,13.158271,80.057948,80.01015,13.139729999999998,M,1
Senior Editor,1562,40,56039.0,94,12.994625,80.207189,80.25057199999998,13.178927,F,2
Teacher,1563,65,67750.0,105,12.957742,80.10649000000002,80.229575,13.109932999999998,M,1
Database Administrator,1564,63,38049.0,96,13.144011,80.274814,80.178832,12.960514,F,2
Office Assistant,1565,47,106414.0,89,12.928235,80.267611,80.071014,13.088209,F,0
Professor,1566,41,127362.0,87,12.950083,80.343836,80.356643,13.16014,F,0
Clinical Specialist,1567,43,62208.0,84,12.965159,80.146759,80.18753199999998,12.96747,M,2
Social Worker,1568,49,76809.0,90,12.913875,80.27993199999997,80.09374100000002,13.019192,F,1
Pharmacist,1569,42,58458.0,94,12.919426,80.317662,80.119484,13.154093,M,2
Professor,1570,60,121422.0,95,13.001216,80.11659399999998,80.128037,13.176832999999998,F,0
Legal Assistant,1571,43,84645.0,96,13.046566,80.26964699999998,80.32905600000002,13.141006,F,1
Occupational Therapist,1572,50,98461.0,96,13.044274,80.29985699999997,80.02719499999998,13.195979,F,1
Data Coordiator,1573,52,66607.0,115,13.172432,80.213373,80.086558,13.033174,F,2
Sales Associate,1574,44,139540.0,115,13.187537,80.246708,80.20387,12.964219,M,0
Paralegal,1575,50,65292.0,87,13.079699,80.352676,80.109286,12.929265,F,2
Legal Assistant,1576,61,62167.0,101,13.064691,80.019411,80.28008,12.966672,M,2
Software Consultant,1577,44,148497.0,89,13.043595,80.240551,80.006127,12.983373,F,0
Automation Specialist,1578,38,59772.0,81,12.919006,80.01716,80.339053,12.927554,F,2
Electrical Engineer,1579,35,119856.0,96,13.098635,80.213599,80.064882,13.063836,F,0
Physical Therapy Assistant,1580,47,65652.0,79,13.123742000000002,80.279167,80.16744399999997,12.941015,F,2
Staff Scientist,1581,39,128524.0,87,13.110907,80.15998499999998,80.36263199999998,13.130657,F,0
Software Test Engineer,1582,55,108052.0,84,13.008467,80.361798,80.113233,12.954901,M,0
VP Marketing,1583,42,51079.0,99,13.097312,80.085217,80.344314,12.901271,F,2
Account Coordinator,1584,27,49467.0,104,13.163506,80.11658100000002,80.19346999999998,13.175484,F,2
VP Product Management,1585,39,77400.0,95,12.932369,80.082557,80.053168,12.910296,M,1
VP Quality Control,1586,41,68249.0,95,13.130725,80.346059,80.09272299999998,13.104543,F,1
Nurse,1587,30,88388.0,98,12.93645,80.331171,80.280955,12.951758,M,1
Geologist,1588,48,82790.0,115,12.980623,80.338099,80.121674,13.093091,F,1
Tax Accountant,1589,30,92957.0,106,13.10629,80.372793,80.208815,13.088699,M,1
Pharmacist,1590,36,46308.0,97,13.087145,80.130945,80.126859,13.199557,M,2
Financial Advisor,1591,46,19325.0,103,13.079504,80.245346,80.299334,13.064177,M,2
Community Outreach Specialist,1592,46,66377.0,93,13.197456,80.372962,80.270549,13.111235999999998,F,2
VP Sales,1593,48,90812.0,98,13.178479,80.062764,80.18804899999998,12.94151,F,1
Sales Representative,1594,53,68371.0,99,13.048407,80.114751,80.083199,13.109146,M,1
VP Product Management,1595,27,73282.0,95,12.944404,80.224175,80.109008,13.050686,M,2
Design Engineer,1596,49,78373.0,89,13.165963,80.309129,80.008438,13.034944,F,1
VP Marketing,1597,39,116691.0,98,13.149672,80.18500300000002,80.17710600000002,13.063308,F,0
Internal Auditor,1598,42,127290.0,96,13.089084,80.305143,80.06479,13.152101000000002,M,0
Geologist,1599,60,40351.0,100,12.911285,80.01356899999998,80.033589,13.191684,F,2
Dental Hygienist,1600,48,36198.0,86,13.001585,80.354381,80.327493,12.953066,M,2
Research Associate,1601,54,88631.0,79,12.956627,80.05409399999998,80.03878399999998,12.932891,F,1
Product Engineer,1602,31,66324.0,87,13.196656,80.031449,80.019789,13.01642,F,2
Senior Developer,1603,43,77107.0,100,13.021507,80.289953,80.377206,13.086607,F,1
Teacher,1604,58,105937.0,81,13.106681,80.103131,80.165777,12.998159,F,0
Electrical Engineer,1605,25,9263.0,100,13.004338,80.382765,80.085938,13.072277,F,2
Nuclear Power Engineer,1606,49,65301.0,93,12.964152,80.17728000000002,80.126049,13.14909,M,2
Automation Specialist,1607,49,106077.0,100,13.167501,80.209643,80.227846,12.958138,F,0
Legal Assistant,1608,49,114484.0,82,13.073582,80.212476,80.23119799999998,12.951582,M,0
Structural Engineer,1609,45,104573.0,93,12.974847,80.121843,80.322728,12.944136,F,0
Health Coach,1610,32,122484.0,97,13.185147,80.23692700000002,80.050352,12.970582,M,0
Mechanical Systems Engineer,1611,30,81468.0,116,12.921299,80.20361,80.36629599999998,12.931249,M,1
Senior Financial Analyst,1612,44,50574.0,79,13.15445,80.215326,80.28311,13.012869,M,2
Analog Circuit Design manager,1613,55,107794.0,95,13.158133,80.325115,80.201724,13.144681,M,0
Director of Sales,1614,50,111275.0,103,13.132483,80.220699,80.028827,13.033904,F,0
Research Nurse,1615,32,87943.0,97,13.096583,80.127522,80.064227,12.988954,M,1
Accountant,1616,49,83730.0,85,12.942617,80.080241,80.355699,12.940659,F,1
Senior Developer,1617,49,58847.0,104,13.054356,80.290396,80.332488,13.061087,F,2
Automation Specialist,1618,45,59900.0,69,12.99513,80.207314,80.272036,13.110385999999998,F,2
Safety Technician,1619,48,130748.0,90,12.90007,80.00836899999999,80.07433499999998,12.946331,M,0
Biostatistician,1620,41,75470.0,108,13.138888,80.258664,80.182412,13.182227,M,1
Senior Developer,1621,62,80179.0,88,13.13413,80.066365,80.102999,13.10323,M,1
GIS Technical Architect,1622,59,54646.0,117,13.144617000000002,80.320079,80.369152,13.051265,F,2
Nuclear Power Engineer,1623,34,65567.0,94,13.102488,80.04595400000002,80.327341,12.964931,M,2
Director of Sales,1624,38,102236.0,108,13.159458,80.131977,80.280376,13.046361,M,0
VP Quality Control,1625,53,56760.0,109,13.04352,80.284148,80.254082,12.963656,F,2
Tax Accountant,1626,52,25351.0,86,13.105624,80.07791999999998,80.168052,13.130348,F,2
Account Executive,1627,49,52977.0,92,12.904461,80.308246,80.31394300000002,12.92643,M,2
VP Accounting,1628,39,81549.0,88,13.026565,80.212968,80.233485,13.122651,F,1
Librarian,1629,65,74382.0,96,12.946844,80.080742,80.308879,13.022631,M,1
Software Test Engineer,1630,65,91432.0,104,13.148342,80.152596,80.23003,13.18184,M,1
Information Systems Manager,1631,51,116530.0,87,12.936268,80.275534,80.09019,13.025551,F,0
Systems Administrator,1632,58,74972.0,99,12.983357,80.29856,80.084814,13.145309,M,1
Senior Quality Engineer,1633,39,136179.0,90,13.195192,80.283291,80.039863,12.962599,F,0
Business Systems Development Analyst,1634,40,113098.0,102,13.169718,80.093871,80.34322399999998,13.084148,F,0
VP Sales,1635,28,33914.0,87,13.070606,80.113946,80.337755,12.961965,F,0
Physical Therapy Assistant,1636,32,101090.0,91,13.102685,80.223936,80.355645,13.141785,F,0
GIS Technical Architect,1637,36,94181.0,100,13.19758,80.206088,80.273679,12.989069,M,1
Web Developer,1638,55,105245.0,97,13.10362,80.212717,80.027676,12.985887,F,0
Office Assistant,1639,41,33212.0,90,13.138296,80.34930899999998,80.37341500000002,13.073166,F,2
Marketing Assistant,1640,55,80724.0,82,13.186054,80.053759,80.25,13.033992,F,1
Structural Analysis Engineer,1641,26,35560.0,87,13.108904999999998,80.306488,80.194608,13.154753,F,1
GIS Technical Architect,1642,40,88101.0,97,12.981964,80.085738,80.140633,13.010624,F,1
VP Product Management,1643,37,43357.0,92,13.170047,80.20052700000002,80.368615,12.908127,F,2
Sales Representative,1644,37,84582.0,99,13.164604999999998,80.146851,80.254517,13.017956,M,1
Senior Sales Associate,1645,54,90501.0,88,13.120303,80.0414,80.304801,13.097489,M,1
Marketing Manager,1646,36,78680.0,110,13.134451,80.356938,80.172958,13.151122,F,1
Quality Engineer,1647,35,117690.0,90,12.98863,80.286599,80.267213,13.03942,M,0
Marketing Manager,1648,41,35758.0,92,13.159221,80.114491,80.254971,13.097655,M,2
Environmental Tech,1649,57,91746.0,120,13.160595,80.229233,80.176454,12.901437,F,1
Actuary,1650,37,17154.0,87,13.073057,80.17907,80.049299,13.142464000000002,F,2
Nurse,1651,40,85723.0,87,13.072623,80.164929,80.364265,13.019472,F,1
Analog Circuit Design manager,1652,52,134938.0,97,13.135274,80.137676,80.047143,13.103457,F,0
Actuary,1653,54,65331.0,88,12.98164,80.245826,80.187685,13.064498,M,2
Senior Financial Analyst,1654,52,90718.0,85,13.035572,80.356863,80.088043,13.093127,F,1
Food Chemist,1655,69,34693.0,75,12.938262,80.069321,80.313334,13.099598,F,1
Programmer,1656,64,128571.0,106,12.946287,80.013487,80.144855,13.087191,M,0
Desktop Support Technician,1657,27,9402.0,90,12.928445,80.23696600000002,80.062887,12.937319,M,0
Assistant Professor,1658,47,67443.0,85,13.144994,80.376316,80.19595699999998,13.055286,F,1
Director of Sales,1659,45,101584.0,86,13.060039,80.007224,80.19426,12.93357,F,0
Speech Pathologist,1660,41,64203.0,97,12.966507,80.088746,80.120059,12.907749,M,2
VP Sales,1661,50,134258.0,91,13.187027,80.267306,80.139463,13.171756,F,0
Business Systems Development Analyst,1662,50,68013.0,119,12.907829,80.001861,80.050296,12.927925,M,1
Nurse,1663,48,41172.0,97,13.041826,80.295749,80.137884,13.12394,F,2
Analyst Programmer,1664,42,88853.0,98,12.967368,80.103994,80.28307099999998,13.176844,F,1
Senior Quality Engineer,1665,35,65518.0,95,13.177446,80.35790300000002,80.030284,12.995974,M,2
Assistant Professor,1666,48,99441.0,98,13.170538,80.293002,80.082974,13.1137,F,1
Account Representative,1667,29,69189.0,98,12.901856,80.374275,80.07601600000002,12.922765,M,1
Speech Pathologist,1668,44,59835.0,92,13.148349,80.283495,80.014103,13.109105,F,2
Sales Representative,1669,43,61086.0,88,12.967213,80.11992099999998,80.06695500000002,12.90868,F,2
Pharmacist,1670,31,76488.0,92,12.996993,80.303256,80.39654300000002,13.110654,M,1
Nurse Practicioner,1671,57,74066.0,97,13.082209,80.013847,80.184282,13.024127,F,1
Chemical Engineer,1672,52,56080.0,90,13.145128,80.27526999999998,80.245002,12.954092,M,2
Database Administrator,1673,52,34457.0,100,12.916494,80.222359,80.15035400000002,12.986437,F,2
Analyst Programmer,1674,29,24593.0,97,12.995573,80.283652,80.012918,13.01882,F,0
Programmer,1675,50,62114.0,95,13.158093,80.198319,80.07762,12.902358,M,2
Research Associate,1676,58,77798.0,95,12.955499,80.1772,80.357375,13.196253,F,1
Tax Accountant,1677,46,68201.0,69,13.081308,80.09875100000002,80.28912199999998,13.077172,M,1
Executive Secretary,1678,38,94803.0,104,12.950681,80.068988,80.130275,13.143267000000002,M,1
Design Engineer,1679,58,53945.0,98,13.173993,80.11703,80.095462,12.903684,F,2
Senior Developer,1680,46,65796.0,106,12.980902,80.23321700000002,80.07982700000002,13.035058,M,2
Civil Engineer,1681,60,83231.0,114,13.159057,80.284736,80.085567,12.971071,M,1
Geological Engineer,1682,53,94940.0,113,13.19789,80.30996400000002,80.32839,12.915087,F,1
Sales Representative,1683,64,94952.0,74,12.977936,80.027056,80.155833,13.15482,M,1
Programmer Analyst,1684,43,76697.0,94,13.108443,80.20779,80.063296,13.038576,F,1
Data Coordiator,1685,49,97245.0,87,12.986984,80.132142,80.190701,12.941921,M,1
Staff Scientist,1686,57,115065.0,92,13.044659,80.126889,80.066234,13.170044,F,0
Quality Engineer,1687,52,63772.0,104,12.946503,80.36059,80.211288,12.906243,F,2
VP Product Management,1688,45,121719.0,104,13.015771,80.140796,80.384839,13.012316,F,0
Marketing Manager,1689,53,48743.0,99,12.960089,80.258512,80.212875,13.116867999999998,M,2
Statistician,1690,53,91283.0,96,13.108665,80.107961,80.282198,13.092603,F,1
VP Product Management,1691,44,74716.0,89,13.0063,80.367513,80.262977,12.954606,M,1
Software Test Engineer,1692,45,49959.0,85,12.926614,80.161675,80.292082,12.927031,M,2
Payment Adjustment Coordinator,1693,33,62788.0,107,12.980049,80.058842,80.079482,13.07002,M,2
VP Quality Control,1694,46,95224.0,89,12.953942,80.213143,80.169187,12.981822,F,1
Systems Administrator,1695,46,118789.0,94,13.1741,80.308461,80.375584,12.910816,F,0
Social Worker,1696,52,114047.0,97,13.069755,80.314654,80.003786,13.064637,F,0
Environmental Tech,1697,57,69452.0,83,13.073727,80.385774,80.30884,12.921638,F,1
Sales Representative,1698,35,68509.0,89,13.021153,80.289313,80.24243299999998,13.071836,F,1
Actuary,1699,38,142570.0,98,13.169554000000002,80.249914,80.052909,13.078424,F,0
Design Engineer,1700,41,23622.0,93,13.069485,80.063209,80.21964100000002,12.935492,M,2
Programmer Analyst,1701,49,74170.0,89,13.070306,80.117133,80.371498,12.970702,M,1
Assistant Media Planner,1702,31,70936.0,115,13.123099,80.301112,80.016739,13.031378,M,1
Social Worker,1703,52,74723.0,102,12.902239,80.262265,80.112441,13.145026,M,1
Office Assistant,1704,54,104279.0,97,13.098663,80.356638,80.02234200000002,12.917708,M,0
Geological Engineer,1705,45,119411.0,124,13.129784,80.010416,80.199949,13.152315,M,0
Software Consultant,1706,55,87427.0,105,13.097496,80.044967,80.353421,12.91691,F,1
Analog Circuit Design manager,1707,55,55196.0,93,13.097899,80.292098,80.389764,13.132128,M,2
Database Administrator,1708,26,73745.0,100,13.03134,80.090548,80.154352,13.148771,M,1
Professor,1709,49,93515.0,80,13.16259,80.067727,80.301609,12.959945,F,1
Graphic Designer,1710,61,78589.0,99,13.088976,80.185701,80.046988,13.076215,F,1
Research Nurse,1711,42,80910.0,107,13.053178,80.278932,80.08483299999997,13.170919,F,1
Actuary,1712,53,137168.0,90,13.189002,80.359678,80.021443,12.998328,F,0
Accounting Assistant,1713,38,40483.0,100,13.177478,80.034244,80.16031600000002,13.129578,F,2
Staff Accountant,1714,38,93727.0,109,13.187423999999998,80.181038,80.26767099999998,13.162468,F,1
Recruiting Manager,1715,63,108496.0,106,13.129851,80.351857,80.221159,13.025365,M,0
Analog Circuit Design manager,1716,43,106212.0,101,12.944279,80.38584399999998,80.079329,12.976616,F,0
Structural Engineer,1717,42,94221.0,91,12.993479,80.01716400000002,80.027672,13.027897,M,1
Account Coordinator,1718,46,79718.0,91,13.059713,80.24081899999999,80.176009,13.157878,F,1
Senior Quality Engineer,1719,47,88817.0,93,12.968918,80.10031500000002,80.007501,13.185204999999998,F,1
Librarian,1720,45,74377.0,94,13.093981,80.21758100000002,80.284474,13.075985,F,1
Web Designer,1721,32,67346.0,96,13.096131,80.15373000000002,80.32159200000002,12.976349,M,1
Sales Associate,1722,33,114168.0,104,13.170907,80.23445799999998,80.216539,13.006265,M,0
Nuclear Power Engineer,1723,43,96606.0,115,13.070925,80.25952099999998,80.358019,13.143826999999998,M,1
VP Marketing,1724,36,123562.0,99,13.145385999999998,80.351775,80.189684,12.978488,F,0
Software Consultant,1725,37,90477.0,83,13.086503,80.18381600000002,80.20059300000001,13.182754999999998,F,1
Database Administrator,1726,66,39864.0,104,13.191573000000002,80.108941,80.202219,12.930294,F,1
Marketing Manager,1727,46,94304.0,83,12.991269,80.226539,80.241771,13.080024,M,1
Geological Engineer,1728,36,72883.0,96,13.056079,80.171144,80.031941,12.915517,F,1
Editor,1729,42,40433.0,94,13.107723000000002,80.20414699999998,80.396323,13.06395,M,2
Project Manager,1730,39,69221.0,93,12.921837,80.129791,80.220974,13.176435,M,1
Media Manager,1731,31,99001.0,99,13.009285,80.249494,80.160349,12.907535,M,1
Sales Associate,1732,38,62312.0,75,12.970934,80.38285,80.345017,12.981663,M,2
General Manager,1733,30,60334.0,107,13.175014,80.153109,80.052213,13.064755,F,2
Research Nurse,1734,26,30534.0,109,13.156671,80.329555,80.337967,13.001508,F,2
Research Assistant,1735,49,41227.0,94,13.030803,80.297083,80.260183,13.165756,M,2
Project Manager,1736,42,56425.0,73,13.188033,80.08295,80.087981,13.00711,F,2
Senior Editor,1737,54,64178.0,95,12.981703,80.095118,80.338219,13.076128,M,2
Engineer,1738,53,64281.0,89,13.040877,80.376413,80.215914,12.966494,F,2
Community Outreach Specialist,1739,35,111147.0,105,12.978807000000002,80.171288,80.100341,12.938569,F,0
Media Manager,1740,51,44048.0,80,13.024535,80.000553,80.308115,13.052979,F,2
Technical Writer,1741,46,63800.0,115,13.016376,80.206026,80.053097,13.167142000000002,M,2
Legal Assistant,1742,39,42594.0,94,12.981851,80.040646,80.042546,13.011837,M,2
Database Administrator,1743,33,79309.0,108,13.111581,80.37416999999998,80.116754,13.018657,M,1
Developer,1744,38,56310.0,79,12.900198,80.338708,80.233662,12.969156,F,2
Programmer,1745,47,120570.0,91,12.902463,80.111586,80.257729,12.944466,M,0
Project Manager,1746,41,83464.0,115,13.182546,80.311433,80.161192,13.005843,F,1
Geologist,1747,65,46972.0,106,13.160182,80.260776,80.080659,12.906712,M,2
General Manager,1748,50,61369.0,106,13.05852,80.177064,80.173926,12.906151,F,2
Editor,1749,41,104633.0,110,12.907656,80.049018,80.306423,13.140538,F,0
Nurse Practicioner,1750,40,119800.0,82,13.100131,80.35193100000002,80.266694,13.030251,F,0
Help Desk Operator,1751,32,63948.0,99,13.110270000000002,80.189832,80.018803,13.1796,F,2
Environmental Specialist,1752,48,32415.0,94,13.076151,80.375348,80.047887,13.070141,F,2
Financial Analyst,1753,46,117568.0,99,13.025383,80.30303,80.122435,13.064986,F,0
Programmer,1754,58,56490.0,85,13.072258,80.178148,80.00073,13.127849,F,2
Financial Analyst,1755,46,112934.0,105,13.155920000000002,80.011895,80.081602,13.063173,F,0
Computer Systems Analyst,1756,48,71612.0,96,13.043532,80.080899,80.314565,13.129075,F,1
Human Resources Manager,1757,45,92804.0,95,12.925377,80.222903,80.031553,12.968504,F,1
Pharmacist,1758,30,99928.0,97,12.913108,80.14829499999998,80.138289,12.945348,M,1
Electrical Engineer,1759,45,92493.0,90,13.199654999999998,80.05778199999997,80.085392,13.145359,M,1
Operator,1760,55,94806.0,94,13.006527,80.027814,80.034217,12.98843,M,1
Business Systems Development Analyst,1761,43,125167.0,99,13.12088,80.291853,80.38735600000003,13.161822,M,0
Software Consultant,1762,58,90190.0,84,12.996653,80.12423299999998,80.270563,12.902927,M,1
Database Administrator,1763,44,69406.0,97,13.040878,80.235881,80.160353,12.943788,M,1
Help Desk Operator,1764,62,65774.0,101,13.100789,80.179562,80.29864,13.05688,F,2
Operator,1765,53,112190.0,101,13.127613,80.13431899999998,80.2405,12.982499,M,0
Director of Sales,1766,35,84300.0,106,13.070005,80.00999300000002,80.361622,13.075046,F,1
Tax Accountant,1767,45,57138.0,95,12.974596,80.003517,80.222971,12.985896,M,2
Operator,1768,52,132034.0,101,13.148160999999998,80.001487,80.320279,13.055483,F,0
Cost Accountant,1769,46,70187.0,83,13.039031,80.399551,80.244276,13.044253,M,1
Recruiting Manager,1770,39,50764.0,92,13.044488,80.230108,80.057063,13.159935999999998,M,2
Dental Hygienist,1771,52,88100.0,88,12.922601,80.331519,80.32759399999998,13.097654,M,1
Food Chemist,1772,32,29779.0,90,12.934762,80.140659,80.297676,12.966571,M,2
Programmer,1773,30,88859.0,105,12.917837,80.059926,80.346259,12.942827,M,1
Help Desk Operator,1774,38,101107.0,82,13.061157,80.363584,80.256078,13.004388,F,0
Research Assistant,1775,67,46657.0,97,13.054534,80.19897900000002,80.30282700000002,13.111142,F,0
Computer Systems Analyst,1776,33,67540.0,97,13.049834,80.279619,80.215661,13.150123,F,1
Food Chemist,1777,45,56121.0,87,13.030175,80.183513,80.068007,13.044544,F,2
Financial Advisor,1778,57,131645.0,85,12.950227,80.395629,80.325113,13.065165,F,0
Administrative Assistant,1779,62,74275.0,90,13.042548,80.253322,80.201427,13.006485,M,1
General Manager,1780,44,98015.0,104,13.134291,80.279291,80.184792,12.961397,F,1
Product Engineer,1781,51,37713.0,90,13.012425,80.273596,80.25438199999998,13.140324,F,2
Professor,1782,51,59436.0,102,13.180449,80.152861,80.203793,13.064258,F,2
Web Designer,1783,56,70060.0,105,13.070267,80.031483,80.303589,13.058608,F,1
Cost Accountant,1784,39,103533.0,103,13.020087,80.16785899999998,80.12861099999998,12.995879,F,0
VP Quality Control,1785,31,88508.0,103,13.050022,80.10150300000002,80.244541,12.965269,M,1
Senior Quality Engineer,1786,38,92388.0,99,13.110245,80.19028399999998,80.19451600000002,12.962145,F,1
Software Engineer,1787,23,48507.0,118,13.098932,80.145923,80.226322,13.151972,F,0
Payment Adjustment Coordinator,1788,19,68292.0,92,13.003214,80.35056999999998,80.13114200000003,12.981101,F,2
Mechanical Systems Engineer,1789,49,91662.0,103,12.995895,80.222495,80.31789300000001,13.127045,F,1
Structural Analysis Engineer,1790,21,77184.0,91,12.907287,80.17745500000002,80.087723,13.101357,M,1
Environmental Tech,1791,44,112319.0,82,12.966305,80.11321099999998,80.010543,12.911703,F,0
Administrative Assistant,1792,44,145898.0,102,13.090664,80.29733,80.146363,12.916759,M,0
Human Resources Manager,1793,52,112857.0,87,13.171628,80.33969599999998,80.303651,12.966449,F,0
Community Outreach Specialist,1794,39,40483.0,100,13.118163,80.23946,80.034112,12.951075,M,2
Accounting Assistant,1795,42,116967.0,83,12.966947,80.235648,80.395423,12.979201,F,0
Director of Sales,1796,48,35599.0,89,13.119469,80.189776,80.238839,12.974793,F,2
Product Engineer,1797,38,96464.0,91,13.018126,80.29197099999998,80.249193,13.196289000000002,F,1
Structural Engineer,1798,33,96109.0,79,13.193688,80.09764100000002,80.076103,13.06344,F,1
Quality Engineer,1799,35,92309.0,107,13.006343,80.29257700000002,80.25591700000003,13.063217,M,1
Human Resources Assistant,1800,54,130714.0,115,12.963888,80.225273,80.292895,12.955797,M,0
Compensation Analyst,1801,34,100920.0,92,13.08845,80.106408,80.116519,13.115919,M,0
Product Engineer,1802,55,101369.0,88,13.192277,80.040042,80.375314,13.117196,F,0
Financial Advisor,1803,55,118437.0,84,13.090422,80.240421,80.229485,12.960125,M,0
Junior Executive,1804,39,63115.0,89,13.063325,80.12451,80.26365899999998,13.156121,M,2
Business Systems Development Analyst,1805,37,88946.0,97,13.073714,80.143367,80.280283,13.133864,F,1
Quality Engineer,1806,23,42858.0,93,13.106457,80.048859,80.11825999999998,13.095169,F,2
Chief Design Engineer,1807,37,67214.0,94,13.18735,80.111052,80.070482,12.968774,F,1
Librarian,1808,37,126932.0,95,13.110388,80.071598,80.070605,13.124425,M,0
Information Systems Manager,1809,20,79913.0,92,12.902956,80.33761,80.091769,13.041627,M,1
Administrative Assistant,1810,34,77124.0,80,13.026917,80.005197,80.07294,13.118529999999998,F,1
Administrative Officer,1811,54,101189.0,105,12.960164,80.209547,80.107566,13.015381,M,0
Electrical Engineer,1812,24,5305.0,97,13.11801,80.354871,80.228971,12.92093,M,1
Environmental Specialist,1813,42,38953.0,101,13.003122,80.109868,80.262701,13.198217,F,2
Director of Sales,1814,50,74046.0,81,13.183447,80.074216,80.230227,13.173864000000002,F,1
Food Chemist,1815,40,109076.0,109,13.181384,80.095238,80.013111,12.979416,M,0
Structural Analysis Engineer,1816,30,92018.0,106,13.060813,80.07682700000002,80.021606,13.021327,M,1
Human Resources Assistant,1817,31,106515.0,83,12.965089,80.057547,80.33167399999998,12.938222,M,0
Quality Engineer,1818,32,46592.0,101,12.938332,80.363641,80.10276800000003,13.059654,M,2
Electrical Engineer,1819,51,87115.0,99,13.133422,80.202887,80.315433,13.108791,F,1
Registered Nurse,1820,38,28754.0,101,12.991635,80.327926,80.138894,13.123391,M,2
Health Coach,1821,33,87572.0,104,13.136412,80.17262099999998,80.026055,13.083828,M,1
Web Developer,1822,43,73371.0,91,12.928102,80.33995999999998,80.26673000000002,12.912858,F,1
Clinical Specialist,1823,35,101007.0,102,13.049069,80.099281,80.084307,13.084242,M,0
Design Engineer,1824,40,70745.0,110,13.137312,80.091513,80.12852,12.969155,M,1
Safety Technician,1825,43,131603.0,101,13.170777,80.045808,80.042346,12.980176,M,0
Marketing Manager,1826,40,88885.0,110,13.025751,80.2941,80.078347,13.030321,M,1
Executive Secretary,1827,50,54297.0,101,13.196289000000002,80.181457,80.282927,12.912359,F,2
Research Assistant,1828,40,99711.0,106,13.095344,80.292119,80.042505,13.155515,F,1
Health Coach,1829,61,76212.0,101,13.089972,80.37027900000002,80.250846,12.920261,F,1
Account Executive,1830,33,87736.0,82,13.131656,80.176878,80.370239,13.128772,M,1
Senior Cost Accountant,1831,48,63910.0,110,12.964526,80.275324,80.113636,12.911246,F,2
Accounting Assistant,1832,37,104905.0,99,13.042358,80.21422700000002,80.01294399999998,13.10643,F,0
Account Executive,1833,29,51062.0,98,13.140579,80.075294,80.022933,13.034798,M,2
VP Quality Control,1834,56,90837.0,95,12.954497,80.347973,80.3722,12.920235,M,1
Professor,1835,38,120546.0,101,13.066644,80.12611899999997,80.236738,12.92998,F,0
Human Resources Manager,1836,49,112024.0,99,13.198576,80.36961,80.015027,13.009103,M,0
Dental Hygienist,1837,46,110064.0,116,12.998823,80.272932,80.313918,13.125422,F,0
Analyst Programmer,1838,46,104204.0,90,13.011245,80.02065400000002,80.127685,12.952042,F,0
Dental Hygienist,1839,32,130701.0,113,13.162574,80.135634,80.141319,13.071706,F,0
Recruiting Manager,1840,33,41129.0,91,12.947715,80.307652,80.16926600000002,12.9627,M,2
Librarian,1841,34,64434.0,79,12.918999,80.35943499999998,80.169799,13.016345,F,2
Librarian,1842,54,101728.0,101,12.932948,80.166431,80.35542099999998,13.086941,M,0
Paralegal,1843,46,95836.0,85,13.138426,80.089917,80.146839,13.01035,F,1
Nurse Practicioner,1844,51,139958.0,93,13.058035,80.155443,80.22242,13.12354,F,0
Analyst Programmer,1845,45,41237.0,109,12.971655,80.072541,80.251642,13.054926,F,2
Accountant,1846,38,87603.0,86,13.110344,80.028848,80.158582,12.99377,F,1
Physical Therapy Assistant,1847,58,42017.0,90,13.053103,80.367999,80.308194,12.953584,M,2
Tax Accountant,1848,42,76431.0,96,13.09634,80.35453000000003,80.00681,12.917923,M,1
Senior Financial Analyst,1849,46,45095.0,89,13.102592,80.157388,80.125651,13.114323,M,2
Community Outreach Specialist,1850,43,69690.0,91,13.007958,80.159112,80.39128000000002,13.163794,M,1
Web Designer,1851,45,61495.0,85,13.00071,80.367272,80.004757,12.92569,M,2
Account Executive,1852,56,83245.0,85,12.929176,80.358126,80.330773,13.124788,M,1
VP Quality Control,1853,58,53811.0,78,12.930091,80.31169799999998,80.195032,12.918445,F,2
Account Executive,1854,52,81967.0,86,12.99475,80.310325,80.386215,13.140769,F,1
Senior Financial Analyst,1855,52,111919.0,101,13.189888,80.058541,80.277294,12.959572,F,0
Speech Pathologist,1856,37,75314.0,92,13.066166,80.347631,80.339053,13.142492,F,1
Senior Developer,1857,24,76700.0,97,13.095289,80.117898,80.022891,13.01736,M,1
VP Product Management,1858,38,69096.0,91,13.151516,80.135887,80.06745699999998,13.01343,F,1
VP Quality Control,1859,37,35156.0,100,13.11356,80.102846,80.300567,12.914052,M,2
Project Manager,1860,48,100289.0,92,12.925947,80.391171,80.207073,13.066781,F,1
Web Designer,1861,53,68646.0,98,13.086409,80.125466,80.059526,13.061047,F,1
Editor,1862,49,118164.0,82,13.080642,80.014942,80.32579,13.140238,M,0
Programmer,1863,22,20862.0,79,13.100556,80.320273,80.00960400000002,13.11925,M,0
Biostatistician,1864,36,87115.0,100,12.997716,80.061293,80.397574,13.040259,F,1
Accountant,1865,49,54607.0,88,12.989354,80.051508,80.241561,13.177723,M,2
Speech Pathologist,1866,33,106233.0,97,13.165622,80.083955,80.271929,13.131698000000002,F,0
Product Engineer,1867,61,116052.0,114,12.905936,80.011756,80.183784,12.976446,M,0
Help Desk Operator,1868,45,77931.0,89,13.10876,80.374031,80.013178,12.973236,F,1
Assistant Professor,1869,47,81429.0,88,13.016995,80.361278,80.189262,12.916362,M,1
Recruiter,1870,43,68407.0,110,12.993502,80.312283,80.266802,12.95815,M,1
Financial Advisor,1871,53,122001.0,120,13.184232000000002,80.136628,80.01438900000002,12.960764,F,0
Automation Specialist,1872,52,81811.0,113,12.955786,80.353339,80.332945,13.002858,F,1
Account Representative,1873,45,115046.0,80,13.093652,80.362014,80.060965,12.966936,F,0
Electrical Engineer,1874,44,82453.0,92,13.17036,80.033697,80.03119699999998,12.923876,M,1
Data Coordiator,1875,56,76064.0,76,13.023414,80.34421,80.280377,13.002644,M,1
Compensation Analyst,1876,51,57271.0,99,13.107984,80.24815799999998,80.033281,12.994408,M,2
Senior Sales Associate,1877,50,86595.0,94,13.044972,80.135318,80.303531,13.018731,M,1
Clinical Specialist,1878,37,96348.0,85,12.938908,80.356049,80.092316,13.163896,M,1
Programmer,1879,52,76920.0,91,12.979543,80.126947,80.10777900000002,12.979947,M,1
Account Coordinator,1880,28,27224.0,101,12.956995,80.105746,80.34261500000002,13.041709,M,1
Internal Auditor,1881,67,37470.0,94,13.054343,80.11935600000002,80.29863399999998,13.140398,F,0
Web Designer,1882,25,47149.0,81,13.061993,80.168474,80.358514,13.168767,F,2
Analog Circuit Design manager,1883,43,47519.0,101,13.131696,80.19022,80.127931,12.991243,M,2
Mechanical Systems Engineer,1884,41,69305.0,111,12.998334,80.070588,80.30940600000002,12.981887,F,1
Graphic Designer,1885,53,65204.0,102,13.149810999999998,80.13488199999998,80.376037,12.904865,M,2
Food Chemist,1886,52,37307.0,93,12.923675,80.071437,80.22247800000002,12.906673,F,2
Clinical Specialist,1887,45,133358.0,95,13.037284,80.181386,80.223282,13.074796,M,0
Systems Administrator,1888,65,59938.0,86,13.13559,80.05494499999998,80.391245,13.06745,F,2
Web Designer,1889,34,22629.0,91,13.154367,80.330368,80.324215,13.109738,M,2
Administrative Officer,1890,54,93745.0,92,12.93165,80.242035,80.180909,12.960963,M,1
Senior Editor,1891,50,56049.0,113,12.937908,80.173052,80.063873,13.07913,F,2
Marketing Assistant,1892,51,76652.0,91,12.947263,80.335712,80.044347,13.167942000000002,M,1
VP Accounting,1893,61,95632.0,81,12.917655,80.20734300000002,80.367864,13.092649,M,1
Account Coordinator,1894,50,44228.0,86,13.082589,80.012672,80.112052,12.946609,M,2
Director of Sales,1895,48,63568.0,91,13.073785,80.29693499999998,80.229887,12.991896,F,2
VP Marketing,1896,51,104521.0,86,13.133033,80.039732,80.328983,12.91656,F,0
Data Coordiator,1897,50,99555.0,99,13.080772,80.16544,80.273312,13.028366,F,1
Desktop Support Technician,1898,50,82918.0,86,13.149802,80.300005,80.256538,12.915651,F,1
Structural Engineer,1899,57,104773.0,98,13.034011,80.123372,80.390351,13.003654,M,0
VP Quality Control,1900,53,98238.0,95,13.173524,80.05407,80.36368399999998,13.045989,F,1
Environmental Tech,1901,58,75179.0,118,13.196565,80.24985799999997,80.05484399999997,12.930862,F,1
Dental Hygienist,1902,57,89503.0,81,12.988368,80.139634,80.20292099999998,12.910603,M,1
Research Nurse,1903,51,127987.0,94,13.126001,80.159348,80.098136,13.13322,M,0
Computer Systems Analyst,1904,36,55902.0,100,13.16005,80.038322,80.200577,13.149871,F,2
Statistician,1905,36,135589.0,103,13.093791,80.087338,80.090701,13.176678,F,0
Quality Control Specialist,1906,41,61500.0,86,13.167145,80.345984,80.285311,12.951369,M,2
Professor,1907,37,95927.0,100,13.063112,80.30813,80.209506,13.105941,M,1
Structural Engineer,1908,34,84831.0,92,13.07917,80.27255500000003,80.208238,13.091479,F,1
Product Engineer,1909,51,75528.0,91,13.174221,80.37854499999997,80.286837,13.109607,F,1
Desktop Support Technician,1910,35,104622.0,89,13.081318,80.202501,80.29999699999998,13.091543,M,0
Business Systems Development Analyst,1911,54,63813.0,107,13.08232,80.190781,80.12926,12.912919,F,2
Assistant Manager,1912,42,37164.0,85,13.026595,80.042927,80.390377,13.092415,F,2
Senior Cost Accountant,1913,35,47202.0,89,13.123876999999998,80.331672,80.312598,13.12197,F,2
Internal Auditor,1914,25,23789.0,128,13.079179,80.232001,80.134998,13.169695,F,2
Statistician,1915,44,68042.0,91,13.037151,80.024451,80.31894799999998,13.188068,M,1
Office Assistant,1916,41,90118.0,105,12.918409,80.26779300000003,80.021226,13.039718,F,1
Web Designer,1917,55,26230.0,85,12.991314,80.29378,80.352885,12.978657,F,2
Account Representative,1918,37,36747.0,72,13.001737,80.162686,80.095229,13.010491,M,2
Structural Analysis Engineer,1919,51,87389.0,90,13.191633,80.39529300000002,80.128113,13.15849,M,1
Food Chemist,1920,24,73781.0,94,13.032504,80.38117,80.154503,13.081965,M,0
Information Systems Manager,1921,31,103670.0,108,13.045639,80.38018199999998,80.150789,12.979053,F,0
Civil Engineer,1922,30,18603.0,111,13.000867,80.18606199999998,80.076784,13.098929,M,2
Design Engineer,1923,54,30645.0,103,12.922295,80.293543,80.26351600000002,12.92776,F,2
Computer Systems Analyst,1924,54,109611.0,94,12.917667,80.1902,80.14093100000002,12.930621,M,0
Research Associate,1925,56,72310.0,83,12.925112,80.07393499999998,80.110209,13.135673,M,1
Internal Auditor,1926,48,110375.0,91,13.100223,80.303623,80.103815,12.930809,M,0
Information Systems Manager,1927,46,55222.0,86,13.038446,80.350318,80.080826,13.083654,M,2
Information Systems Manager,1928,36,90021.0,108,12.950587,80.377134,80.29897199999998,12.984198,F,1
Structural Analysis Engineer,1929,43,92059.0,109,13.181654,80.399041,80.133271,12.95546,M,1
Food Chemist,1930,41,36099.0,109,13.122954,80.077687,80.069873,13.02572,F,2
Administrative Officer,1931,37,87478.0,107,12.955673,80.193141,80.339469,12.992824,F,1
Help Desk Technician,1932,52,74514.0,103,13.115423000000002,80.383409,80.197091,12.945508,M,1
Financial Advisor,1933,54,60128.0,88,12.979754,80.317287,80.097491,12.96681,F,2
Human Resources Assistant,1934,49,40234.0,106,12.90088,80.381186,80.3457,12.911582,F,2
Research Associate,1935,40,112301.0,100,12.959376,80.129122,80.39145400000002,13.198657,F,0
Social Worker,1936,48,74809.0,101,13.039252,80.067043,80.188604,13.155574,M,1
Librarian,1937,38,130970.0,94,13.033425,80.13521300000002,80.16526800000003,12.970026,F,0
Accountant,1938,37,74434.0,101,12.948058,80.001975,80.345387,13.18434,M,1
Cost Accountant,1939,37,108606.0,104,12.979044,80.14242800000002,80.342977,13.033566,M,0
Director of Sales,1940,60,93510.0,103,13.115275,80.049543,80.103364,13.031393,M,1
Project Manager,1941,52,54003.0,70,13.132341,80.247344,80.05848399999998,12.950555,M,2
Recruiter,1942,52,38121.0,95,12.95141,80.378912,80.157185,12.945972,M,2
Geologist,1943,46,54102.0,97,13.152123,80.12623,80.16422,12.991433,F,2
Developer,1944,59,102886.0,74,13.130729999999998,80.178443,80.202969,13.092394,M,0
Social Worker,1945,35,91709.0,101,13.076426,80.260598,80.345541,13.008971,M,1
Engineer,1946,37,84002.0,79,12.928006,80.370236,80.156435,13.050861,F,1
Human Resources Assistant,1947,62,99823.0,103,12.922784,80.073435,80.218136,12.934309,M,1
Programmer,1948,37,81397.0,92,13.156725,80.093887,80.273416,13.103484,M,1
Junior Executive,1949,55,76410.0,85,13.167366,80.285836,80.36245100000002,13.161394,M,1
Paralegal,1950,46,58254.0,90,13.075546,80.181335,80.22574,13.154957,F,2
Teacher,1951,39,95792.0,99,13.027294,80.061157,80.315055,12.953558,F,1
Product Engineer,1952,62,72069.0,103,13.055023,80.221799,80.270189,13.173184,F,1
Office Assistant,1953,56,109738.0,88,13.187069,80.15955,80.133505,13.148421,M,0
Mechanical Systems Engineer,1954,54,49523.0,92,13.16449,80.167681,80.06219,13.191906,F,2
Developer,1955,50,94969.0,83,13.126913,80.321137,80.193872,12.971069,F,1
VP Product Management,1956,51,64662.0,105,13.105236,80.138509,80.144061,12.907569,F,2
VP Product Management,1957,61,58564.0,89,13.194744,80.069728,80.393836,12.967343,M,2
Sales Representative,1958,44,116513.0,120,13.023847,80.037675,80.211636,13.139492,F,0
VP Sales,1959,40,40217.0,103,13.139953,80.013253,80.363906,13.181855,M,2
Structural Analysis Engineer,1960,30,89546.0,66,12.952059,80.092017,80.386657,13.167746,F,1
Sales Associate,1961,40,69625.0,84,13.195235,80.285802,80.204014,12.986385,F,1
Web Designer,1962,41,64249.0,81,12.91149,80.236429,80.345343,12.965554,F,2
Quality Engineer,1963,48,116036.0,98,13.005583,80.180348,80.13533000000002,12.987322,F,0
Senior Editor,1964,42,94780.0,119,13.027281,80.35873000000002,80.18425400000002,12.941273,F,1
Physical Therapy Assistant,1965,53,62429.0,118,13.005991,80.390123,80.05819100000002,13.038766,F,2
Accounting Assistant,1966,33,91133.0,97,13.083561,80.335914,80.078242,12.939785,M,1
Software Consultant,1967,42,94692.0,94,13.123651,80.368833,80.331724,13.052374,F,1
Assistant Manager,1968,40,66007.0,85,13.175016,80.26349599999998,80.077054,13.167826000000002,F,2
Compensation Analyst,1969,36,96136.0,101,13.111314000000002,80.19833299999998,80.33982900000002,12.962098,M,1
Recruiting Manager,1970,34,104683.0,90,13.129101,80.35070999999998,80.202609,13.187915,M,0
Graphic Designer,1971,53,98823.0,107,13.023536,80.014052,80.288831,12.999043,M,1
VP Product Management,1972,47,69663.0,99,13.000817,80.080031,80.375271,12.917776,F,1
Software Consultant,1973,35,135430.0,98,12.913105,80.021354,80.005449,12.959992,F,0
Safety Technician,1974,58,65064.0,106,13.170055,80.36263199999998,80.398957,12.929701,M,2
Pharmacist,1975,45,61393.0,102,13.153637,80.27084,80.007302,12.909741,M,2
Executive Secretary,1976,56,88259.0,91,13.090093,80.209885,80.19001899999998,12.900159,M,1
Junior Executive,1977,37,100244.0,93,12.917571,80.193744,80.001062,12.988393,F,1
Civil Engineer,1978,53,46286.0,96,13.093323,80.310639,80.118654,13.015902,M,2
VP Sales,1979,43,87032.0,92,13.187669,80.179629,80.27625400000002,13.074078,M,1
Teacher,1980,46,87799.0,95,13.113553,80.134375,80.007814,12.9613,F,1
Sales Representative,1981,49,126179.0,92,13.021944,80.069577,80.37220500000002,12.953468,F,0
Staff Scientist,1982,36,74431.0,84,12.975285,80.38513499999998,80.356638,12.976111,M,1
Software Consultant,1983,39,79693.0,91,13.051034,80.002619,80.15021899999998,12.926903,M,1
Account Representative,1984,57,27922.0,112,12.95545,80.122826,80.336087,13.107299,M,2
Quality Control Specialist,1985,40,71771.0,86,13.15869,80.011416,80.164298,12.982165,F,1
Research Assistant,1986,36,114732.0,85,12.994891,80.085045,80.00197,12.990317,M,0
Senior Financial Analyst,1987,61,95404.0,93,13.197351,80.349238,80.04700799999998,12.936823,M,1
General Manager,1988,39,110109.0,102,13.065992,80.32040400000002,80.040784,13.015374,M,0
Assistant Professor,1989,40,59594.0,101,12.917468,80.340244,80.320755,13.108632,F,2
Chemical Engineer,1990,40,47731.0,102,12.93611,80.384321,80.213821,13.042452,F,2
Nuclear Power Engineer,1991,33,83612.0,97,13.128358,80.090951,80.00262,12.991008,M,1
Data Coordiator,1992,41,49775.0,99,12.932643,80.253351,80.228594,13.107954,F,2
Paralegal,1993,33,104990.0,91,13.009302,80.322097,80.347326,12.968825,F,0
Media Manager,1994,39,55109.0,104,13.145119,80.354462,80.031823,12.902469,F,2
GIS Technical Architect,1995,26,21420.0,95,13.140171,80.319061,80.07272900000002,12.959498,F,1
Clinical Specialist,1996,52,43520.0,82,13.15094,80.19846,80.24939300000003,13.1968,F,2
Associate Professor,1997,40,25851.0,97,13.050197,80.093539,80.17370799999998,12.944686,M,2
Staff Accountant,1998,43,72749.0,106,13.121503,80.316784,80.38427,13.047013,F,1
Structural Analysis Engineer,1999,40,65504.0,98,12.926121,80.050094,80.01576999999997,13.121822,M,2
Electrical Engineer,2000,31,76796.0,100,12.916797,80.391786,80.363315,12.989343,M,1
